1,Iunius
2,Tarquinius
3,Valerius
4,Lucretius
5,Horatius
6,Minucius
7,Veturius
8,Papirius
9,Papirius
10,Lucretius
11,Herminius
12,Larcius
13,Valerius
14,Lucretius
15,Postumius
17,Larcius
18,Menenius
19,Verginius
20,Cassius
21,Cominius
22,Valerius
23,Sulpicius
24,Tullius
25,Aebutius
27,Postumius
28,Sempronius
29,Cloelius
30,Minucius
31,Verginius
32,Claudius
33,Servilius
34,Laetorius
35,Verginius
36,Veturius
37,Valerius
38,Servilius
39,Albinius
40,Iunius
41,Licinius
42,Licinius
43,Sicinius
44,Viscellius (or Visellius)
46,Decius
47,Icilius
48,Geganius
49,Minucius
50,Sicinius
51,Valerius
52,Geganius
53,Iunius
55,Sulpicius
56,Iulius
57,Pinarius
58,Nautius
59,Furius
60,Valeria
61,Sicinius
62,Aquillius
63,Verginius
64,Rabuleius
65,Mucius
67,(Valerius)
69,Tullius
76,Cornelius
77,Fabius
78,Fabius
79,Valerius
80,Aemilius
82,Fabius
83,Maenius
84,Oppia
85,Iulius
86,Furius
87,Licinius
88,Manlius
89,Pontificius
90,Siccius
91,Verginius
92,Servilius
96,Menenius
97,Verginius
98,Servilius
99,Considius
100,Genucius
101,Nautius
102,Caedicius
103,Statius
104,Furius
105,Manlius
106,Iulius
107,Verginius
108,Genucius
109,Pinarius
110,Furius
111,Publilius
112,Orbinia
113,Claudius
114,Quinctius
115,Laetorius
116,Aemilius
117,Duillius
118,Mecilius
119,Numitorius
120,Siccius
121,Numicius
122,Verginius
123,Servilius
124,Fabius
125,Postumius
126,Postumius
127,Furius
129,Servilius
130,Aebutius
131,(Aemilius)
132,Valerius
133,Lucretius
134,Veturius
135,Terentilius
136,Titius
137,Volumnius
138,Sulpicius
139,Verginius
140,Volscius
141,Claudius
142,Quinctius
143,Cornelius
144,Cornelius
145,Servilius
146,(Furius?)
147,Minucius
148,Tarquitius
149,Valerius
151,Minucius
152,Fabius
153,Verginius
154,Icilius
155,Alienus
156,Romilius
157,Veturius
158,Tarpeius
159,Aternius
160,Calvius
161,Siccius
163,Quinctilius
164,Curiatius
165,Horatius
166,Menenius
168,Genucius
169,Veturius
170,Veturius
172,Sestius
173,Cornelius
174,Sergius
175,Poetelius
176,Antonius
177,Duillius
178,Oppius
179,Rabuleius
180,Valerius
181,Horatius
182,Apronius
183,Numitorius
184,Oppius
185,Pomponius
186,Sicinius
187,Titinius
188,Verginius
189,Villius
191,Manilius
192,Oppius
193,Furius
194,Papirius
195,Herminius
196,Verginius
197,Aternius
198,Trebonius
199,Geganius
200,Iulius
201,Furius
203,Aemilius
205,Genucius
206,Curtius
207,Canuleius
208,Furnius
209,Sempronius
210,Atilius
211,Cloelius
212,Papirius
213,Sempronius
214,Fabius
215,Aebutius
216,Poetelius
218,Aebutius
219,Furius
220,Papirius
222,Geganius
223,Menenius
224,Marcius
226,Servilius
227,Caecilius
228,Iunius
229,Titinius
231,Quinctius
233,Fulcinnius
234,Cloelius
235,Antius
236,Roscius
237,Sergius
238,Valerius
239,Cornelius
240,Papirius
241,Cornelius
242,Maelius
243,Verginius
244,Servilius
245,Manlius
246,Sulpicius
247,Cornelius
249,Postumius
251,Pinarius
252,Furius
254,Quinctius
255,Iulius
258,Postumius
260,Papirius
261,Iulius
262,Papirius
263,Pinarius
264,Lucretius
266,Servilius
267,Papirius
268,Postumius
269,Sempronius
270,Horatius
271,Claudius
272,Nautius
273,Iulius
274,Sempronius
275,Fabius
276,Iunius
277,Tempanius
278,Manlius
279,Antonius
280,Antistius
281,Asellius
282,Spurillius
283,Hortensius
285,Quinctius
286,Manlius
287,Antistius
288,Pompilius
289,Canuleius
290,Minucius
291,Postumia
292,Menenius
293,Lucretius
294,Nautius
295,Papirius
296,Rutilius
297,Veturius
298,Maecilius
299,Metilius
300,Cornelius
301,Valerius
303,Quinctius
304,Decius
305,Cornelius
306,Valerius
307,Postumius
308,Sextius
309,Sextius
310,Cornelius
311,Fabius
312,Furius
313,Icilius
314,Papirius
316,Aemilius
317,Menenius
319,Icilius
320,Icilius
321,Aelius
322,Fabius
323,Papius
324,Silius
325,Iulius
326,Cornelius
327,Servilius
328,Cornelius
329,Fabius
330,Cornelius
332,Manlius
333,Sergius
334,Cornelius
335,Claudius
336,Quinctilius
337,Iulius
338,Furius
340,Furius
341,Postumius
342,Servilius
343,Verginius
344,Sulpicius
345,Clodius
346,Ancus
347,Iulius
348,Acutius
349,Curiatius
350,Lacerius
351,Metilius
352,Minucius
353,Trebonius
354,Licinius
355,Manlius
356,Titinius
357,Maelius
358,Furius
359,Publilius
360,Genucius
361,Atilius
362,Pomponius
363,Duillius
364,Veturius
365,Publilius
366,Valerius
367,Claudius
368,Marius
371,Sergius
372,Postumius
373,Cornelius
374,Manlius
375,Cornelius
376,Cornelius
378,Pomponius
379,Verginius
380,Aemilius
381,Valerius
382,Postumius
383,Cornelius
384,Catlus
385,Sicinius
387,Lucretius
388,Sulpicius
389,Papirius
390,Cornelius
391,Manlius
393,Furius
394,Appuleius
395,Carvilius
396,Fabius
400,Fabius
401,Sulpicius
402,Folius
403,Fabius
405,Cornelius
406,Manlius
407,Aemilius
408,Postumius
409,Papirius
410,Furius
411,Servilius
413,Marcius
414,Furius
415,Quinctius
416,Iulius
417,Aquillius
418,Sulpicius
419,Sergius
420,Menenius
421,Quinctius
422,Cornelius
423,Mallius (Manlius)
424,Fabius
425,Sicinius
426,Cornelius
427,Quinctius
428,Horatius
429,Valerius
430,Cornelius
432,Cornelius
433,Papirius
434,Menenius
435,Publilius
436,Trebonius
437,Fabius
438,Papirius
440,Servilius
441,Sulpicius
442,Fabius
443,Furius
444,Fabius
445,Sulpicius
446,Papirius
448,Sempronius
449,Sulpicius
450,Manlius
451,Manlius
452,Sextilius
453,Albinius
454,Antistius
455,Trebonius
456,Erenucius
457,Furius
458,Cloelius
459,Horatius
460,Geganius
461,Servilius
462,Cloelius
464,Veturius
465,Sulpicius
466,Quinctius
468,Licinius
469,Sextius
471,Valerius
473,Cornelius
474,Cornelius
475,Quinctius
476,Quinctius
477,Servilius
478,Papirius
479,Veturius
481,Licinius
482,Geganius
483,Quinctius
484,Aemilius
485,Postumius
486,Furius
487,Quinctius
489,Genucius
490,Servilius
491,Popillius
492,Genucius
493,Manlius
494,Pinarius
495,(Cornelius or Mucius)
496,Pomponius
497,Manlius
498,Fabius
499,Poetelius
500,Manlius
501,Fabius
502,Plautius
503,Valerius
505,Marcius
506,Duillius
507,Menenius
510,Cornelius
511,Valerius
512,Iulius
513,Cornelius
514,Duillius
515,Decius
516,Papirius
517,Publilius
519,Cornelius
520,Aemilius
521,Quinctius
522,Valerius
523,Plautius
524,Fabius
525,Sulpicius
526,Furius
528,Fabius
529,Aemilius
530,Genucius
531,Salonius
533,Papirius
534,Papirius
536,Manlius
537,Valerius
538,Aemilius
539,Iunius
540,Maenius
541,Sulpicius
542,Aelius
543,Claudius
544,Claudius
545,Minucia
546,Duillius
547,Atilius
548,Postumius
549,Veturius
550,Cornelius
551,Antonius
552,Domitius
553,Papirius
555,Cornelius
556,Valerius
557,Claudius
559,Fabius
560,Plautius
561,Plautius
562,Plautius
563,Cornelius
564,Postumius
565,Cornelius
566,Flavius
568,Quinctius
569,Cominius
570,Valerius
571,Aulius
572,Fulvius
576,Aemilius
577,Valerius
578,Publilius
579,Folius
580,Livius
581,Maelius
582,Numicius
583,Antistius
584,Plautius
585,Papirius
586,Furius
587,Iunius
588,Aemilius
589,Nautius
590,Popillius
591,Claudius
592,Fabius
593,Poetelius
594,Ovinius
595,Fulvius
596,Decius
597,Plautius
598,Cominius
599,Laetorius
600,Atilius
601,Marcius
602,Decius
603,Sempronius
604,Fabius
605,Claudius
606,Cornelius
607,Furius
608,Volumnius
609,Postumius
610,Marcius
611,Cornelius
612,Cornelius
613,Iuventius
614,Minucius
615,Fulvius
616,Flavius
617,Sulpicius
619,Anicius
621,Cornelius
622,Cornelius
623,Genucius
624,Livius
625,Aemilius
626,Titinius
628,Cornelius
629,Fulvius
630,Appuleius
631,Ogulnius
632,Ogulnius
633,Genucius
634,Minucius
635,Publilius
636,Fulvius
637,Manlius
638,Domitius
639,Carvilius
640,Papirius
641,Curius
642,Fabius
644,Aelius
645,Fulvius
646,Manlius
647,Atilius
648,Opimius
649,Carvilius
650,Scantius
651,Caedicius
652,Iunius
653,Maecius
654,Nautius
655,Papirius
656,Trebonius
657,Iunius
658,Cornelius
659,Papirius
660,Caedicius
661,Cornelius
662,Claudius
663,Nautius
664,Hortensius
665,Valerius
666,Aelius
667,Aquillius
668,Claudius
669,Aemilius
670,Aelius
671,Aemilius
672,Servilius
673,Caecilius
674,Cornelius
675,Fabricius
676,Aemilius
677,Vibellius
678,Cornelius
679,Valerius
680,Aemilius
681,Marcius
682,Valerius
683,Coruncanius
684,Sulpicius
685,Decius
686,Maenius
687,Genucius
688,Cornelius
689,Cornelius
690,Postumius
691,Fabius
692,Fabius
693,Sextilia
695,Papirius
696,Quinctius
697,Genucius
698,Cornelius
699,Fulvius
700,Fabius
701,Sempronius
702,Claudius
703,Atilius
704,Iulius
705,Fabius
706,Apronius
707,Iunius
709,Fabius
710,Mamilius
712,Fabius
713,Claudius
714,Claudius
715,Fabius
716,Valerius
718,Postumius
719,Mamilius
720,Valerius
721,Otacilius
722,Cornelius
723,Cornelius
724,Duillius
725,Caecilius
726,Aquillius
727,Atilius
728,Sulpicius
729,Caedicius
730,Calpurnius
731,Laberius
732,Atilius
733,Laetorius
734,Manlius
735,Caedicius
736,Nautius
737,Calpurnius
738,Fulvius
739,Aemilius
740,Mamilius
742,Servilius
743,Sempronius
744,Claudius
745,Furius
746,Aurelius
747,Servilius
748,Aurelius
749,Cassius
750,Valerius
751,Caecilius
752,Cornelius
753,Iunius
754,Claudius
755,Fundanius
756,Pullius
757,Fabius
758,Manlius
759,Otacilius
760,Fabius
761,Sempronius
762,Fabius
763,Atilius
764,Sulpicius
765,Lutatius
766,Postumius
767,Valerius
768,Lutatius
769,Genucius
770,Publicius
771,Publicius
772,Mulvius
773,Lollius
774,Sextilius
776,Claudius
777,Sempronius
778,Mamilius
779,Valerius
780,Cornelius
781,Fulvius
782,Cornelius
783,Licinius
784,Claudius
785,Aemilius
786,Livius
787,Manlius
788,Postumius
789,Carvilius
790,Cornelius
791,Pomponius
792,Aemilius
793,Flaminius
796,Aemilius
797,Iunius
798,Octavius
799,Coruncanius
800,Coruncanius
801,Iunius
802,Tuccia (or Luccia)
803,Fulvius
805,Valerius
806,Atilius
807,Valerius
808,Valerius
809,Apustius
810,Claudius
811,Scantinius
812,Aemilius
813,Atilius
814,Furius
815,Cornelius
816,Sulpicius
817,Cornelius
818,Terentius
819,Cornelius
820,Minucius
822,Mucius
823,Lutatius
824,Veturius
825,Metilius
826,Aemilius
827,Livius
828,Furius
830,Baebius
831,Furius
832,Cornelius
833,Sempronius
835,Atilius
836,Manlius
837,Claudius
838,Fulvius
839,Lucretius
840,Licinius
841,Terentius
842,Antistius
843,Pomponius
844,Dasius
845,Servilius
846,Annius
847,Acilius
848,Herennius
849,Papirius
851,Cornelius
852,Servilius
853,Pomponius
854,Aemilius
855,Cornelius
856,Otacilius
857,Pomponius
858,Claudius
859,Metilius
860,Sempronius
861,Centenius
862,Cincius
864,Pupius
865,Quinctius
866,Sempronius
869,Laetorius
870,Aurelius
871,Claudius
872,Baebius
873,Minucius
874,Scribonius
875,Atilius
876,Furius
877,Cornelius
878,Cornelius
879,Fabius
880,Octavius
881,Publicius
882,Sempronius
883,Fabius
884,Aurelius
885,Iunius
886,Statilius
887,Atilius
888,Atilius
889,Aelius
890,Scantinius
891,Caecilius
892,Cantilius
893,Floronia
894,Opimia
895,Oppius
897,Antistius
898,Apustius
899,Maecilius
900,Atilius
901,Valerius
902,Valerius
903,Cornelius
904,Fulvius
905,Caecilius
906,Pomponius
907,Porcius
908,Claudius
909,Livius
910,Naevius
912,Atilius
913,Fundanius
914,Villius
915,Statorius
916,Quinctius
917,Pinarius
918,Pomponius
919,Servilius
921,Papirius
923,Cornelius
924,Fulvius
925,Iunius
926,Licinius
927,Carvilius
928,Carvilius
929,Servilius
930,Valerius
931,Servilius
932,Iunius
934,Accaus
935,Atinius
936,Sulpicius
938,Cornelius
939,Sulpicius
940,Memmius
941,Aquillius
942,Sempronius
943,Marcius
944,Fonteius
945,Fulvius
947,Popillius
948,Porcius
949,Veturius
950,Villius
952,Livius
953,Servilius
957,Cincius
958,Manlius
959,Manlius
960,Licinius
961,Catius
962,Arrenius
963,Arrenius
964,Atilius
965,Lucretius
966,Calpurnius
967,Furius
968,Acilius
969,Genucius
970,Poetelius
971,Popillius
972,Aquillius
973,Ogulnius
974,Quinctius
975,Marcius
976,Sempronius
977,Quinctius
980,Cornelius
981,Aemilius
982,Mamilius
983,Aurunculeius
984,Hostilius
985,Cornelius
986,Cornelius
987,Sulpicius
988,Publicius
989,Flaminius
990,Decimius
991,Sempronius
992,Laelius
993,Valerius
994,Claudius
995,Iulius
996,Caecilius
997,Claudius
998,Manlius
999,Quinctius
1000,Antistius
1001,Raecius
1002,Licinius
1003,Arrenius
1004,Aulius
1006,Aelius
1007,Hostilius
1008,Hostilius
1009,Cornelius
1010,Pomponius
1011,Mamilius
1013,Aurunculeius
1014,Claudius
1015,Verginius
1016,Cornelius
1017,Lucretius
1018,Claudius
1019,Claudius
1020,Lucretius
1021,Tremellius
1022,Valerius
1023,Cornelius
1024,Aemilius
1025,Iunius
1026,Pleminius
1027,Matienus
1028,Octavius
1029,Sergius
1031,Veturius
1032,Claudius
1033,Marcius
1034,Villius
1035,Baebius
1036,Cincius
1037,Licinius
1038,Silius
1039,Silius
1041,Quinctilius
1042,Fabius
1043,Sextius
1045,Cosconius
1046,Helvius
1047,Maevius
1049,Sergius
1050,Fabius
1051,Fulvius
1052,Baebius
1053,Fabius
1054,Aurelius
1055,Fulvius
1056,Licinius
1057,Aelius
1058,Laetorius
1060,Sulpicius
1062,Minucius
1063,Acilius
1064,Minucius
1065,Cornelius
1067,Aemilius
1069,Ampius
1070,Servilius
1071,Hostilius
1072,Fulvius
1073,Sergius
1074,Aelius
1075,Terentius
1076,Baebius
1077,Cornelius
1079,Claudius
1080,Caecilius
1081,Furius
1082,Titinius
1084,Porcius
1085,Cornelius
1086,Stertinius
1088,Apustius
1090,Cornelius
1091,Cornelius
1092,Sempronius
1093,Helvius
1094,Curius
1095,Claudius
1096,Calpurnius
1097,Fabius
1099,Atilius
1100,Manlius
1101,Minucius
1102,Sergius
1103,Manlius
1104,Fulvius
1105,Oppius
1106,Iuventius
1107,Ligurius
1109,Fulvius
1110,Domitius
1111,Scribonius
1113,Atinius
1114,Licinius
1115,Marcius
1116,Aurelius
1117,Fabius
1118,Claudius
1119,Claudius
1123,Iunius
1124,Sempronius
1125,Claudius
1127,Fabricius
1128,Manlius
1129,Publicius
1130,Fundanius
1131,Iunius
1132,Iunius
1133,Valerius
1134,Aemilius
1135,Terentius
1137,Cornelius
1138,Digitius
1139,Iuventius
1140,Atilius
1141,Scribonius
1143,Postumius
1145,Atinius
1146,Sempronius
1147,-
1148,Salonius
1149,Iunius
1151,Manlius
1152,Aelius
1154,Porcius
1157,Sempronius
1158,Minucius
1160,Genucius
1161,Marcius
1162,Marcius
1163,Baebius
1164,Fulvius
1165,Salonius
1166,Tuccius
1167,Titinius
1168,Titinius
1169,Cornelius
1170,Postumius
1171,Sempronius
1172,Postumius
1173,Sulpicius
1174,Orfidienus
1175,Aemilius
1176,Atinius
1177,Aurunculeius
1178,Fulvius
1179,Furius
1180,Aemilius
1181,Antonius
1182,Sempronius
1183,Terentius
1184,Claudius
1185,Aemilius
1186,Aemilius
1187,Atilius
1188,Fabius
1190,Plautius
1191,Claudius
1192,Sulpicius
1193,Caecilius
1194,Fulvius
1195,Sempronius
1196,Sempronius
1197,Cornelius
1198,Aurelius
1200,Valerius
1201,Valerius
1204,Manlius
1205,Marcius
1206,Stertinius
1207,Valerius
1208,Fabius
1209,Fabius
1212,Cornelius
1213,Furius
1214,Sempronius
1215,Aburius
1216,Mummius
1217,Mummius
1218,Petillius
1219,Petillius
1220,Atinius
1221,Aurelius
1222,Calpurnius
1223,Cornelius
1224,Licinius
1225,Maenius
1226,Quinctius
1227,Afranius
1228,Atilius
1229,Claudius
1231,Postumius
1232,Valerius
1233,Pupius
1234,Sicinius
1235,Claudius
1236,Iuventius
1237,Quinctilius
1238,Cornelius
1239,Decimius
1240,Naevius
1241,Sempronius
1242,Fulvius
1243,Caelius
1244,Fannius
1245,Minucius
1246,Naevius
1247,Fulvius
1248,Fulvius
1249,Cornelius
1250,Iulius
1251,Postumius
1253,Aebutius
1254,Caecilius
1255,Ogulnius
1256,Terentius
1257,Orchius
1258,-
1259,Minucius
1260,Aurelius
1262,Duronius
1263,Fabius
1264,Pinarius
1265,Iulius
1266,Servilius
1267,Sulpicius
1268,Acilius
1269,Scribonius
1270,Acilius
1271,Porcius
1272,Lucretius
1273,Matienus
1274,Cornelius
1275,Hostilius
1276,Maenius
1277,Minucius
1278,Postumius
1279,Villius
1281,Fulvius
1282,Cornelius
1283,Popillius
1284,Popillius
1285,Cornelius
1286,Fulvius
1287,Cloelius
1288,Mucius
1289,Mucius
1290,Claudius
1291,Servilius
1292,Cominius
1295,Claudius
1296,Cluvius
1297,Fonteius
1298,Titinius
1300,Aebutius
1301,Aelius
1302,Aelius
1303,Atius
1304,Cassius
1305,Licinius
1306,Aebutius
1308,Furius
1309,Cornelius
1310,Numisius
1311,Quinctius
1312,Aelius
1314,Licinius
1315,Papirius
1318,Claudius
1319,Aquillius
1320,Cornelius
1321,Licinius
1322,Papirius
1323,Furius
1324,Aelius
1325,Baebius
1326,Cornelius
1327,Lutatius
1328,Popillius
1329,Atilius
1330,Claudius
1331,Cornelius
1332,Furius
1333,Memmius
1334,Canuleius
1335,Minucius
1336,Sulpicius
1337,Veturius
1338,Sempronius
1340,Cicereius
1341,Fabius
1342,Servilius
1343,Cornelius
1344,Caecilius
1345,Tremellius
1346,Appuleius
1347,Appuleius
1348,Caecilius
1350,Munatius
1352,Cluvius
1353,Iunius
1354,Licinius
1355,Lucretius
1356,Octavius
1357,Lucretius
1358,Marcius
1359,Marcius
1360,Decimius
1362,Cornelius
1363,Cornelius
1364,Decimius
1365,Plaetorius
1366,Domitius
1367,Caninius
1369,Fulvius
1370,Manlius
1372,Pompeius
1373,Decimius
1374,Licinius
1375,Aburius
1376,Carvilius
1377,Cornelius
1378,Fulvius
1379,Marcius
1380,Minucius
1382,Hortensius
1383,Maenius
1384,Manlius
1385,Raecius
1386,Aufidius
1387,Iuventius
1388,Digitius
1389,Sicinius
1390,Cornelius
1391,Memmius
1392,Caninius
1393,Coelius
1394,Fonteius
1395,Marcius
1396,Cornelius
1397,Rutilius
1398,Voconius
1399,Numisius
1400,Baebius
1403,Marcius
1404,Annius
1405,Decius
1406,Postumius
1407,Aebutius
1408,Anicius
1409,Baebius
1410,Fonteius
1411,Papirius
1412,Tremellius
1413,Manlius
1414,Stertinius
1415,Cornelius
1416,Postumius
1417,Sulpicius
1418,Hostilius
1420,Postumius
1421,Antonius
1422,Fabius
1423,Cornelius
1424,Caecilius
1425,Licinius
1426,Perperna
1427,Petillius
1428,Pompeius
1429,Aelius
1430,Anicius
1431,Atilius
1433,Porcius
1434,Sergius
1435,Salvius
1436,Sempronius
1437,Naevius
1438,Appuleius
1439,Cassius
1440,Claudius
1441,Fulvius
1442,Manlius
1443,Antonius
1444,Pomponius
1445,Sempronius
1446,Terentius
1447,Manilius
1448,Iunius
1449,Quinctius
1450,Baebius
1451,Gabinius
1452,Claudius
1453,Fonteius
1454,Iulius
1455,Quinctilius
1456,Rutilius
1457,Cornelius
1460,Valerius
1461,Fannius
1462,Memmius
1463,Manlius
1464,Sergius
1465,Cornelius
1466,Valerius
1468,Aurelius
1469,Cornelius
1470,Servilius
1471,Aemilius
1472,Cornelius
1473,Apustius
1474,Cornelius
1475,Marcius
1476,Opimius
1479,Petronius
1480,Manilius
1481,Claudius
1482,Aurunculeius
1483,Calpurnius
1484,Licinius
1485,Aurelius
1486,Terentius
1487,Oppius
1489,Flaminius
1492,Valerius
1494,Acilius
1495,Mummius
1496,Aelius
1497,Fufius
1498,-
1499,Atilius
1500,Licinius
1502,Postumius
1503,Hostilius
1504,Cornelius
1506,Cornelius
1507,Iuventius
1508,Hostilius
1509,Atinius
1510,Calpurnius
1511,Scribonius
1512,Scantius or Scantinius
1513,Cornelius
1514,Licinius
1515,Manlius
1516,Pescennius
1518,Fulcinnius
1519,Livius
1520,Licinius
1521,Sempronius
1522,Vetilius
1523,Fannius
1524,Laelius
1525,Sempronius
1529,Claudius
1530,Oppius
1531,Plautius
1532,Iulius
1533,Iunius
1534,Iunius
1535,Livius
1536,Publilius
1537,Terentius
1538,Papirius
1541,Gabinius
1542,Mummius
1543,Iunius
1544,Caecilius
1545,Fabius
1546,Nigidius
1547,Licinius
1548,Sempronius
1549,Petronius
1550,Marcius
1551,Pompeius
1552,Servilius
1553,Aemilius
1554,Licinius
1555,Quinctius
1556,Servilius
1557,Didius
1558,Tremellius
1559,Occius
1560,Claudia
1561,Calpurnius
1562,Hostilius
1563,Popillius
1565,Iunius
1566,Iunius
1567,Mucius
1568,Cornelius
1569,Hostilius
1570,Claudius
1571,Oppius
1572,Atilius
1573,Furius
1574,Plautius
1575,Calpurnius
1576,Fulvius
1577,Curiatius
1578,Licinius
1579,Claudius
1581,Fulvius
1582,Antius
1583,Cassius
1584,Manlius
1585,Rutilius
1589,Cosconius
1590,Popillius
1591,Rupilius
1592,Minucius
1594,Fabius
1595,Memmius
1596,Rutilius
1597,Sempronius
1598,Sempronius
1599,Claudius
1600,Perperna
1601,Popillius
1602,Rupilius
1603,Lucretius
1604,Mucius
1605,Minucius
1606,Mummius
1607,Octavius
1608,Rubrius
1609,Satureius
1612,Titius
1613,Mucius
1614,Aquillius
1615,Fabius
1616,Annius
1617,Octavius
1618,Atinius
1620,Cornelius
1621,Marcius
1622,Aelius
1623,Papirius
1624,Fulvius
1626,Aemilius
1627,Aurelius
1628,(Latinius)
1629,Servilius
1630,Domitius
1631,Cornelius
1632,Plautius
1633,Cassius
1634,Sextius
1635,Caecilius
1636,Quinctius
1637,Licinius
1638,Iunius
1639,Opimius
1642,Iulius
1643,Manilius
1644,Aufeius
1645,Aemilius
1646,Licinia
1648,Aurelius
1649,Caecilius
1650,Acilius
1651,Livius
1652,Marcius
1653,Rubrius
1655,Marcius
1656,Porcius
1657,Scribonius
1658,Maevius
1660,Marius
1662,Sulpicius
1663,Calpurnius
1665,Caecilius
1666,Decius
1667,Albius
1668,Aemilius
1669,Atilius
1670,Hortensius
1671,Postumius
1674,Licinius
1675,Pompeius
1676,Annius
1677,Caecilius
1678,Cornelius
1679,Licinius
1680,Acilius
1682,Porcius
1683,Aurelius
1686,Minucius
1687,Minucius
1689,Papirius
1692,Mucius
1693,Caecilius
1695,Cornelius
1696,Papirius
1697,-
1698,Aemilia
1700,Marcia
1701,Caecilius
1702,Memmius
1703,Postumius
1704,Peducaeus
1705,Antonius
1706,Plotius
1707,Domitius
1712,Calpurnius
1713,Calpurnius
1714,Memmius
1715,Cassius
1716,Hortensius
1718,Sulpicius
1719,Baebius
1720,Licinius
1722,Thorius
1723,Sextius
1724,Annius
1725,Licinius
1726,Fabius
1727,Sergius
1728,Postumius
1730,Atilius
1731,Lutatius
1732,Cornelius
1733,Mamilius
1734,Servilius
1735,Turpilius
1739,Mallius
1740,Annius
1741,Aufidius
1742,Billienus
1743,Flavius
1744,Coelius
1745,Manlius
1746,Cornelius
1747,Manlius
1748,Popillius
1749,Aurelius
1750,Albucius
1751,Bellienus
1752,#NAME?
1753,Claudius
1754,Octavius
1755,Servilius
1756,Livius
1757,Aquillius
1758,Flaminius
1759,Licinius
1760,Licinius
1762,Cassius
1763,Domitius
1764,Marcius
1765,Clodius
1766,Appuleius
1767,Pompeius
1768,Cluvius
1769,Lusius
1770,Titinius
1771,-
1773,Vibius
1774,Aurelius
1775,Baebius
1776,Didius
1777,Norbanus
1778,Marius
1779,Servilius
1780,Licinius
1781,Pompeius
1782,(Veturius) or (Publilius)
1783,Aemilius
1784,Claudius
1785,(Lucilius)
1786,Gratidius
1787,Caecilius
1788,Licinius
1789,Fundanius
1790,Gabinius
1791,Cornelius
1792,Cornelius
1794,Cornelius
1795,Calpurnius
1796,Servilius
1797,Calpurnius
1798,Iulius
1799,Iulius
1800,Postumius
1801,Cassius
1802,Valerius
1803,Equitius
1804,Furius
1805,Pompeius
1806,Porcius
1807,Claudius
1808,Manlius
1809,Saufeius
1811,Appuleius
1812,Calidius
1813,Canuleius
1814,Servilius
1815,Valerius
1816,Domitius
1817,Duronius
1818,Sertorius
1819,Herennius
1820,Sempronius
1821,Valerius
1822,Gellius
1824,Sempronius
1825,Iulius
1826,Perperna
1828,Iulius
1829,Sentius
1830,Remmius
1831,Porcius
1832,-
1833,Manlius
1834,Sergius
1835,Papirius
1836,Cornelius
1837,Rutilius
1839,Braitius
1841,Porcius
1842,Sextius
1843,Papirius
1845,Lucceius
1847,Lucilius
1848,Perperna
1849,Servilius
1850,Sulpicius
1851,Claudius
1853,Saufeius
1854,Sestius
1860,Anicius
1861,Decidius
1863,Egnatius
1864,-
1865,Aemilius
1866,Aurelius
1867,Fonteius
1868,Caelius
1869,Caecilius
1870,Cassius
1871,Cornelius
1872,Cornelius
1873,Octavius
1874,Postumius
1875,Caecilius
1876,Scribonius
1877,Varius
1878,Lutatius
1880,Acilius
1881,Baebius
1882,Cornelius
1883,Cornelius
1884,Fonteius
1885,Plautius (Plotius)
1886,Sulpicius
1887,Valerius
1888,Valerius
1889,Caecilius
1891,Gabinius
1892,Oppius
1894,Sempronius
1895,Sextilius
1896,Calpurnius
1897,Cassius
1898,Memmius
1900,Plautius
1901,Minucius
1902,Hortensius
1903,Licinius
1904,Attius
1905,Maloleius
1908,Annius
1909,Aurelius
1910,Volumnius
1911,Pompeius 
1912,Rabirius
1913,Aebutius
1914,Teiedius
1915,Fundilius
1916,M(aia)nius
1917,Manlius
1918,Mancinus
1919,Cosconius
1920,Gabinius
1922,-
1924,Otacilius
1928,Ancharius
1929,Iunius
1930,Licinius
1931,Servilius
1932,Antistius
1933,Gratidius
1934,Minucius
1935,Mummius
1936,Minucius
1937,Popillius
1938,Lucilius
1939,Magius
1940,Marius
1941,Milonius
1942,Vergilius
1944,Annius
1945,Claudius
1946,Flavius
1947,Marcius
1949,Lutatius
1951,Hortensius
1952,Munatius
1956,Coelius
1957,Iulius
1959,Popillius
1960,Hirtuleius
1961,Erucius
1962,Gabinius
1963,Terentius
1964,Fabius
1965,Fonteius
1966,Iunius
1967,Verres
1969,Antonius
1970,Burrenus
1971,Critonius
1972,Fannius
1973,Iunius
1974,Pupius
1976,Pompeius
1977,Carrinas
1978,Cluilius
1979,Cornelius
1980,Iunius
1981,Licinius
1982,Terentius
1983,Marius
1984,Antonius
1985,Magius
1986,Perperna
1987,Furius
1988,Pomponius
1989,Valerius
1990,Cornelius
1991,Domitius
1992,Valerius
1993,Aemilius
1995,Coelius
1996,Flavius
1997,Quinctius
1998,Sergius
1999,Servilius
2001,Terentius
2002,(Octavius)
2003,Lucretius
2004,Venuleius
2005,Tullius
2006,Claudius
2007,Cornelius
2008,Fufidius
2009,Minucius
2010,Nonius
2011,Papirius
2012,Cornelius
2013,Fabius
2014,Manlius
2015,Tarquitius
2017,Paccianus
2018,Livius
2019,Iunius
2020,Memmius
2021,Claudius
2022,Domitius
2023,Iunius
2024,Herennius
2025,Publicius
2026,Aurelius
2027,Visellius
2028,Cornelius
2030,Manlius
2031,Octavius
2032,Aufidius
2033,Hirtuleius
2034,Thorius
2035,Cornelius
2036,Octavius
2037,Terentius
2038,Aemilius
2040,Caecilius
2041,Aquinius
2042,Peducaeus
2043,Terpolius
2044,Iulius
2045,Aelius
2048,Cornelius
2049,Manlius
2050,Cassius
2051,Iunius
2052,Sicinius
2053,Marius
2055,Insteius
2056,Laelius
2057,Octavius
2058,Tarquitius
2059,Insteius
2060,Otacilius
2061,Valerius
2062,Claudius
2063,Caesius
2064,Cornelius
2066,Turius
2067,Licinius
2068,Iunius
2069,Opimius
2070,Autronius
2071,Cornelius
2072,Tullius
2074,Afranius
2075,Pompeius
2076,Titurius
2077,Antonius
2078,Caecilius
2079,Coelius
2080,Seius
2081,Quinctius
2082,Cornelius
2085,Licinius
2086,Oppius
2087,Plaetorius
2088,Sulpicius
2089,Urbinius
2090,-
2091,Manius
2092,Annius
2093,Fonteius
2094,Mallius
2095,Marcilius
2096,Rutilius
2097,Salluvius
2098,Arrius
2099,Claudius
2100,Cossinius
2101,Valerius
2102,Varinius
2103,Licinius
2104,Octavius
2105,Postumius
2106,Toranius
2107,Valerius
2109,Oppius
2110,Ancharius
2111,-
2112,Cervius
2113,Furius
2114,Fulvius
2115,Gallius
2116,Tadius
2117,Valerius
2118,Voconius
2119,Acilius
2120,Iunius
2121,Fabia
2122,Licinia
2125,Voluscius (or Volscius)
2126,Lartius
2127,Annaeus
2128,Axius
2130,Cascellius
2131,Minucius
2132,Publicius
2133,Maenius
2134,Claudius
2135,Rancius
2136,Manlius
2137,Caecilius
2138,Caesetius
2140,Claudius
2141,Fabius
2142,Mummius
2143,Pompeius
2144,Sornatius
2145,Pomponius
2146,Antonius
2147,Aufidius
2148,Maecenas
2149,Manlius or Mallius
2150,Caecilius
2151,Marcius
2152,Curtius
2154,Coelius
2155,Curius
2156,Curtius
2157,Tremellius
2159,Popillius
2160,Marcius
2162,Antistius
2163,Aurelius
2164,Calpurnius
2165,Manlius
2166,Mummius
2167,Plautius
2168,Calpurnius
2169,Plaetorius
2170,Sicinius
2173,Marcius
2175,Caecilius
2176,Cornelius
2177,Lollius
2178,Volcacius
2179,Sulpicius
2180,Caesonius
2181,Cornificius
2182,Sulpicius
2184,Crepereius
2186,Sextilius
2189,Iunius
2190,Claudius
2191,Mucius
2192,Quinctilius
2193,Albinovanus
2195,Volumnius
2196,Cornelius
2197,Publicia
2198,Manlius
2199,Arruntia
2200,Perpennia
2201,Popillia
2202,Fonteia
2203,Servilius
2204,Bellinus
2205,Manlius
2206,Rubrius
2207,Sextilius
2208,Antius
2211,Hostilius
2212,Marcius
2213,Popillius
2214,Valerius
2215,Volcacius
2216,Tullius
2219,Clodius
2220,Fannius
2222,Aufidius
2223,Curius
2224,Iunius
2225,Lucceius
2226,Marcius
2227,Minucius
2228,Publicius
2229,Flaminius
2230,Gallius
2231,Voconius
2233,Cornelius
2234,Gabinius
2235,Papirius
2236,Roscius
2237,Servilius
2238,Trebellius
2241,Porcius
2242,Septimius
2243,Octavius
2244,(Lucilius or Lucius)
2246,Atilius
2247,Caecilius
2248,Claudius
2249,Lollius
2250,Manlius
2252,Pomponius
2253,Pompeius
2254,Pompeius
2256,Aquillius
2257,Cassius
2258,Orchivius
2259,(Sulpicius)
2260,Manilius
2261,Memmius
2262,Aemilius
2263,Caecilius
2264,Domitius
2265,Plautius
2266,Sosius
2267,Vergilius
2268,Marcius
2270,Attius
2271,Orbius
2272,Calpurnius
2273,Papius
2274,Calpurnius
2275,Manlius
2276,Plautius (Plotius)
2277,Servilius
2279,Arrius
2280,Petreius
2281,Fabius
2282,Mucius
2284,Lollius
2286,Cosconius
2287,Pompeius
2289,Sulpicius
2290,Cornelius
2291,Ampius
2292,Labienus
2293,Servilius
2294,Atilius
2295,Fadius
2296,Sestius
2297,Vatinius
2299,Mevulanus
2300,Cornelius
2301,Licinius
2303,Marcius
2305,Calpurnius
2306,Fabricius
2307,Marius
2308,Iuventius
2310,Novius
2311,Pomptinus
2312,Plancius
2313,Domitius
2314,Manlius
2315,Plotius
2316,Sulpicius
2317,Peducaeus
2318,Appuleius
2319,Aufidius
2320,Caecilius
2321,Fufius
2323,Sextilius
2324,Allienus
2325,Aelius
2326,Gratidius
2328,Licinius
2329,Atius
2330,(Cornelius?)
2331,Licinius
2332,Flavius
2333,Herennius
2334,Numerius
2336,Trebonius
2338,Cornelius
2340,Fannius
2341,Aemilius
2344,Vettius
2346,Alfius
2347,Caecilius
2348,Cosconius
2349,Nigidius
2350,Aemilius
2351,Caecilius
2352,Favonius
2356,Cornelius
2357,Fabius
2358,Villius
2359,Considius
2360,Silius
2361,Aelius
2363,Ninnius
2364,Novius
2365,Terentius
2366,Calpurnius
2367,Mettius
2368,Valerius
2369,Aurunculeius
2370,Pedius
2371,Titurius
2372,Licinius
2373,Pinarius
2374,Iulius
2375,Calidius
2376,Quinctilius
2377,Septimius
2379,Fabius
2381,Annius
2382,Cestilius
2383,Cispius
2385,Fabricius
2386,Messius
2389,Marcius
2390,Servilius
2391,-
2392,Antonius
2393,Cornelius
2394,Cornelius
2396,Claudius
2397,Claudius
2398,Claudius
2399,Domitius
2401,Caninius
2402,Cassius
2403,Nonius
2404,Porcius
2405,Procilius
2406,Racilius
2407,Rutilius
2408,Coelius
2409,Valerius
2411,Silius
2412,Terrasidius
2413,Trebius
2414,Velanius
2416,Cornelius
2417,Caelius
2418,Herennius
2419,-
2420,Nonius
2421,Aquillius
2422,Ateius
2423,Mamilius
2424,Roscius
2426,Peducaeus
2427,Fabius
2429,Sallustius
2430,Sulpicius
2432,Fonteius
2433,Servilius
2434,Aurelius
2435,Considius
2436,Postumius
2437,Voconius
2438,Laelius
2439,Memmius
2440,Mucius
2441,Terentius
2442,Ligarius
2443,Scribonius
2444,Sestius
2445,Curtius
2446,Laberius
2447,Petronius
2449,Hirtius
2450,Munatius
2451,Octavius 
2452,Vargunteius
2453,Atrius
2455,Attius
2456,Licinius
2457,Lucilius
2458,Cassius
2459,Iunius
2461,Antistius
2462,Fabius
2463,Iunius
2464,(Marcius)
2465,Megabocchus
2466,Minucius
2467,Octavius
2468,Sextius
2472,Egnatius
2473,Trebonius
2474,Volcacius
2476,Manilius
2477,Munatius
2478,Pompeius
2479,Ateius
2480,Caecilius
2481,Cassius
2482,Eppius
2484,Fabius
2485,Aristius
2486,Caninius
2487,Sempronius
2488,Valerius
2489,Iunius
2490,Scaptius
2491,Volusenus
2493,Caelius
2494,Cornelius
2495,Vibius
2496,Vinicius
2497,Antonius
2498,Furfanius
2499,Furius
2500,Mescinius
2501,Fufidius
2502,Lucilius
2503,Antonius
2504,Anneius
2506,Ligarius
2507,Titius
2508,Tullius
2510,Atius
2511,Clodius
2512,(Paconius?)
2513,Volusius
2515,Cornelius
2516,Septimus
2518,Scribonius
2519,Titius
2520,Livius
2521,Furnius
2522,Antistius
2523,Antonius
2524,Coelius
2525,Marius
2527,Scaptius
2528,(Fabricius or Perperna?)
2529,Gavius
2534,Marcius
2536,Valerius
2537,Coponius
2538,Aurelius
2539,Rubrius
2540,Marcius
2541,Nerius
2542,Quinctilius
2543,Calpurnius
2544,(Terentius)
2547,Servilius
2548,Teutius 
2549,Vulteius
2550,Cornelius
2552,Magius
2553,Asinius
2554,Hortensius
2555,Attius
2557,Flaminius
2558,Gallonius
2559,Iulius
2560,Lucretius
2561,Minucius
2562,Nasidius
2563,Tullius
2564,Valerius
2565,Vibius
2566,Vibullius
2567,Marcius
2568,Rabirius (Curtius)
2570,Claudius
2571,Claudius
2572,Cornelius
2573,Cornificius
2574,Plaetorius
2575,Cassius
2576,Titius
2577,Clodius
2578,Patisius
2579,Plotius
2580,Postumius
2581,Terentius
2582,Tiburtius
2583,Acilius
2584,Calvisius
2585,Canuleius
2586,Cassius
2587,Pomponius
2588,Staius
2589,Tillius
2591,Cassius
2593,Opimius
2594,Otacilius
2595,Pompeius
2596,Staberius
2597,Iulius
2598,Nonius
2600,Iulius
2601,Pomponius
2602,Sextilius
2605,Gallius
2606,Tettius
2608,Carrinas
2609,Volcacius
2610,Granius
2611,Terentius
2612,Appuleius
2613,Minatius
2614,Avienus
2615,Fonteius
2617,Titius
2618,Aquinus
2619,Didius
2620,Hostilius
2621,Hostilius
2622,Oppius
2623,Publicius
2625,-
2626,Cispius
2627,Cornelius
2628,Decimius
2629,Livineius
2630,Minucius
2631,Rubrius
2632,Tullius
2633,Pompeius
2634,Tillius
2635,Aelius
2637,Pontius
2638,Ventidius
2639,Appuleius
2640,Antistius
2641,Curius
2643,Marcius
2644,Aurelius
2645,Baebius
2647,Horatius
2648,Latinius
2649,Petrucidius
2650,Venuleius
2651,Caucilius
2652,Clodius
2653,Munatius
2654,Vibius
2655,Cluvius or Clovius
2656,Rutilius
2659,Annius
2661,Pupius
2662,Cestius
2663,Cornelius
2664,Cornelius
2665,Cusinius
2666,Gallius
2667,-
2669,Turranius
2670,Vehilius
2671,Trebellius
2673,Caelius
2674,Critonius
2675,Varius
2676,Caesetius
2677,Cannutius
2678,Carfulenus
2679,Decidius
2680,Epidius
2681,Helvius
2684,Hostilius
2685,Nonius
2686,(Servilius)
2687,Flaminius
2689,Cornelius
2690,Egnatuleius
2691,Rutilius
2692,Turullius
2697,Octavius
2699,Domitius
2700,Cupiennius
2701,Caesennius
2703,(Numisius)
2705,-
2706,Licinius
2708,Aquillius
2709,Caecilius
2710,Cestius
2711,Marcius
2712,Minucius
2713,Norbanus
2714,Rupilius
2715,Volusius
2716,Appuleius
2717,Cornificius
2718,Salvius
2719,Servilius
2720,Servilius
2721,Titius
2723,Cassius
2724,Titius
2725,Manlius
2726,Aemilius
2727,Licinius
2728,Patiscus
2729,Sestius
2730,Catius
2731,Horatius
2732,Popillius
2736,-
2737,Volumnius
2739,Calpurnius
2740,Calpurnius
2741,Canidius
2742,Cassius
2743,Decius
2744,Flavius
2747,Iunius
2749,Lollius
2750,Marius
2751,(Pedanius)
2752,Peducaeus
2754,Porcius
2755,Rufrenus
2757,Titius
2758,Valerius
2760,Clodius
2761,Fabius
2762,Marcius
2763,Sextilius
2765,Volumnius
2766,Alfenus
2767,Cocceius
2768,Villius
2769,Clodius
2770,Hostilius
2771,Insteius
2773,Plaetorius
2774,Cornucius
2775,Laelius
2776,Lurius
2777,Labienus
2778,Antistius
2781,Cornelius
2782,Fannius
2783,Manlius
2786,Paquius
2788,Salvidienus
2790,Turius
2791,Ventidius
2792,Clodius
2794,-
2795,Pinarius
2796,-
2797,Roscius
2799,Falcidius
2800,Barbatius
2801,Decidius
2802,Gellius
2803,Pedius
2804,Ateius
2806,Cocceius
2807,Fuficius
2808,Vipsanius
2809,Feridius
2810,Dellius
2811,Manius
2813,Caecina
2814,Caninius
2815,Tisienus (or Titisienus)
2816,Cornelius
2817,Curtius
2819,Cornelius
2821,Caninius
2822,Statilius
2823,Sempronius
2829,Iulius
2830,Livius
2831,Pompeius
2832,Pompeius
2834,Titius
2835,Servilius
2836,Velleius
2840,Sosius
2841,Pompaedius (or Poppaedius) 
2843,Iulius
2848,Vibius
2849,Atius
2850,Maecenas
2852,Nasidius
2853,Pompeius
2854,Pompeius
2856,Machaeras
2857,Occia
2859,Oppius
2860,Licinius
2861,Fonteius
2863,Cocceius
2865,Marcius
2867,Claudius
2869,Oppius
2870,Flavius
2871,Ofillius
2872,Carisius
2873,Lapronius
2874,Oppius
2875,Plinius
2880,Titinius
2881,Marius
2882,Mindius
2885,Peducaeus
2888,Fufius
2889,-
2890,Lollius
2892,Curius
2895,Aemilius
2896,Memmius
2898,Asinius
2903,Helvius
2905,Autronius
2906,Flavius
2907,Acilius
2908,Laronius
2909,Asellius
2910,Asellius
2911,Herennius
2912,Cornelius
2913,Valerius
2914,Valerius
2915,Nonius
2916,Oppius
2918,Arruntius
2919,Didius
2920,Octavius
2921,Baebius
2923,Plautius
2924,Tarius
2927,Appuleius
2929,Iunius
2930,Terentius
2931,Aemilius
2933,Licinius
2934,Mucius
2939,Aemilius
2940,Aemilius
2941,Appuleius
2942,Aelius
2943,Aelius
2944,Atilius
2945,Caerellius
2946,Cordius
2947,Cestius
2948,Claudius
2949,Caecilius
2951,(Calpurnius)
2952,Claudius
2953,Caecina
2954,Caninius
2955,Fruticius
2956,Genucius
2957,Domitius
2958,Furius
2959,Fabius
2960,Fabius
2961,Cornelius
2963,Iulius
2965,Livius
2967,(Manlius)
2968,Sanquinius
2969,Sextius
2970,Plautius
2971,Sulpicius
2972,Sempronius
2973,Servilius
2976,Sextilius
2977,Tedetius
2978,Uttiedius
2979,Ampudius
2980,Attius
2981,Titius
2985,Barronius
2986,Cincius
2987,Condetius
2988,Menates
2989,Mindius
2990,Octavius
2991,Cloelius
2992,Pompeius
2993,Postumius
2994,#NAME?
2996,Aebutius
2997,Coelius
2998,Appuleius
2999,Falcidius
3000,Fabius
3001,Furius
3003,Cicereius
3004,Furius
3005,Crepereius
3006,Licinius
3007,Lucilius
3008,Iunius
3010,Glitius
3011,Hostilius
3012,Iunius
3013,Licinius
3014,Papius
3015,Memmius
3016,Papirius
3017,Papirius
3018,Octavius
3019,Papirius
3020,Ollinius
3021,Minicius
3022,Plaetorius
3023,Plaetorius
3024,Plaetorius
3025,Porcius
3026,Petronius
3027,Papius
3028,Remmius
3029,Porcius
3030,Precilius or Praecilius
3031,Publicius
3032,Titius
3034,Sentius
3035,Acilius
3036,Velleius
3037,Appuleius
3038,Vallius
3039,Aemilius
3040,Ap(puleius)
3041,Caepasius
3042,Caepasius
3044,Atinius
3045,Caecilius
3047,Aquillius
3049,Hedius
3050,Livius
3051,Herennius
3052,Sempronius
3053,Pomponius
3054,-
3055,Tubitanus
3056,Servaeus
3057,Septimius
3059,Servilius
3060,Sergius
3061,Voconius
3062,Tullius
3063,Vibius
3064,Se-
3066,(Claudius)
3067,Acil(ius)
3068,(Publicius)
3069,Anni-
3070,Ann- or Ani-
3071,An-
3072,At(ilius)
3073,Calp(urnius)
3074,Cornelius
3076,D-
3077,D-
3078,Gn-
3079,Oppius
3080,Scribonius
3083,Ru-
3084,Te-
3085,Tri-
3086,Tri-
3087,Allius
3088,B-
3090,Pos-
3091,Pos-
3092,Anni(us)
3093,P-
3094,Arruntanus
3095,Appuleius
3096,(Furius)
3097,Clodius
3098,Cornelius
3099,Baebius
3100,Megabocchus
3101,Fonteius
3102,Licinius
3103,(Scribonius)
3104,(Sempronius)
3105,#NAME?
3106,Rabirius
3108,Pinarius
3111,Sabidius
3112,Coponius
3113,Valerius
3114,Iunius
3115,(Marcius)
3116,#NAME?
3117,#NAME?
3119,Laenius
3120,Lucilius
3121,Calpurnius
3124,#NAME?
3125,Cosconius
3126,Opimius
3127,Coelius
3128,Pullius
3129,Coelius
3132,Aemilia
3133,Cornelius
3134,Afinius
3135,Albius
3136,Annius
3137,Annius
3138,Antistius
3139,Annius
3140,Annius
3142,Albanius
3143,Anicius
3144,Calidius
3145,Appuleius
3146,Appuleius
3147,Aquillius
3148,Aufidius
3150,Caecilius
3151,Attidius
3152,Caecilius
3153,Atilius
3154,(Appuleius)
3156,Asinius
3158,Coelius
3160,Carvilius
3161,Caulius
3162,Claudius
3163,Caudinus
3164,Cornelius
3165,Cornelius
3166,Cornelius
3167,Claudius
3168,Cornelius
3169,Considius
3170,Coponius
3171,Calpenus
3172,Didius
3173,Domitius
3174,Egnatius
3175,Cosconius
3176,Egnatius
3177,Cornelius
3178,Fabius
3179,Egnatius
3180,Cornificius
3181,Erucius
3182,Faberius
3183,Decius
3184,-
3185,Fulvius
3186,Flavius
3187,Genucius
3188,Gessius
3189,Fonteius
3190,Fannius
3191,Gellius
3192,Falerius
3193,Fidiculanius
3194,Filius
3195,Fonteius
3196,-
3197,Laberius
3198,Lollius
3199,Herennius
3200,Lutatius
3201,Iulius
3203,Licinius
3204,Iunius
3205,Iuventius
3206,Licinius
3207,Lucilius
3208,Lucretius
3209,Manlius
3210,Heius
3211,Luscius
3212,Lucienus
3213,Nonius
3214,Nautius
3215,Munius
3217,Manlius
3218,Octavius
3220,Octavius
3221,Manilius
3222,Manilius
3223,Nemetorius (or Numitorius)
3224,Ofidius (Aufidius?)
3225,Pompeius
3226,Popillius
3227,Popillius
3228,Popillius
3229,Popillius
3230,Oppius
3231,Plautius
3232,Plaetorius
3233,Plautius
3234,Plaetorius
3235,Papirius
3236,Petillius
3237,Plaetorius
3238,Popillius
3239,Porcius
3240,Publilius
3241,Pupius
3242,Quinctius
3243,Quintius
3244,Porcius
3245,Postumius
3246,Popillius
3247,Rubrius
3248,Rubrius
3249,Sestuillius
3250,Serrius
3251,Sempronius
3252,Serrius
3253,Silius
3254,Septimius
3255,Servilius
3256,Rutilius
3257,Sempronius
3258,Sentius
3259,Sempronius
3260,Saenius
3261,Saturius
3262,Silicius
3263,Tuticanus
3264,Valgius
3265,Valgius
3267,Statius
3268,Velleius
3269,Vargunteius
3270,Terentius
3271,Titinius
3272,Silius
3273,Teidius
3274,Statilienus
3275,Tudicius
3276,-
3279,Volcacius
3280,Vibienus
3281,Magius
3282,Antistius
3283,-
3284,Vibius
3285,Verginius
3286,Pompeius
3287,Cornelius
3288,Annius
3289,Afinius
3290,Antistius
3291,(Quinctius)
3292,Aelius
3293,Ann(ius?)
3294,Canini
3295,Porcius
3297,Acilius
3298,Acilius
3299,(Aeb)utius or (Pla)utius
3300,Aeficius
3302,(Aelius)
3304,Aelius
3305,Baebius
3306,Bagiennus
3307,-
3308,Barbarius
3309,Cae(-)
3310,Caecilius
3311,Aufustius
3312,Aufi(dius)
3313,Aufidius
3315,Albedius
3317,Alf(ius) or Alf(enus)
3319,Al(-)
3320,Amnaeus
3321,Annalius
3322,Annius
3323,Annius
3325,Annius
3326,Aponius
3327,Asellius
3328,Aquillius
3329,Aquillius
3330,Articuleius
3331,Aemilius
3332,(At)ilius
3333,Attius (or Atticus)
3334,Aurelius
3335,Caecilius
3336,Caelius
3338,Caelius
3339,Caesetius
3340,Raesius (or Caesius)
3341,Caesius
3342,Calp-
3343,Calpurnius
3344,Calpurnius
3348,(Minucius)
3349,Livius
3351,(Baebius)
3352,Cornelius
3355,Quinctius
3356,Acilius
3359,Minucius
3362,Egnatius
3363,Cornelius
3364,Manlius
3366,Livius or Oppius
3369,Porcius
3370,-
3372,Tremellius
3374,#NAME?
3375,-
3376,Caesius
3379,#NAME?
3380,Memmius
3382,Marcius
3383,Cornelius
3384,Sentius
3385,Pompeius
3388,Cornelius
3391,Postumius
3395,Titius
3397,(Cornelius)
3401,Tremellius
3402,Curtius
3403,Livineius
3405,Octavius
3408,Marcius
3409,Furius
3412,(Cornelius)
3414,Calpurnius
3415,Fufidius
3416,Quinctius
3418,Furius
3419,Procilius
3420,Calidius
3421,Caecilius
3422,Canidius
3423,-
3424,Cassius
3425,Cassius
3426,-
3427,Claudius (or Clodius)
3428,Claudius
3429,Claudius
3430,Claudius
3431,Clusius
3433,Pacideius
3434,Pacideius
3435,Coelius
3436,Coelius
3437,#NAME?
3438,Cornelius
3439,Cornelius
3440,Cornificius
3441,Cornificius
3442,Curtius
3443,Curtius
3445,Curtius
3446,Domitius
3447,Egnatius
3448,Egnatius
3449,Egnatuleius
3451,Annius
3452,Appuleius
3454,Titius
3455,Titius
3457,-
3458,Paquius
3459,Macheras
3460,Maevius
3461,Magius
3462,-
3463,Manlius
3464,Fannius
3465,Fidustius
3466,Firmius
3467,Fiscilius
3468,Flavius
3469,(Manlius)
3470,(Flavius?)
3471,Fonteius
3472,Mefu-
3474,Licinius
3476,Manlius
3478,Postumius
3479,Spuri[us] or Spuri[lius]
3480,Aelius
3482,Autronius
3483,Acilius or Naevius
3484,Cossutius
3485,(Terentius)
3486,Aburius
3487,Aelius
3488,Allius
3489,Antestius 
3490,Antius
3491,Minucius
3492,Cassius
3495,Considius
3496,Considius
3497,Curiatius
3498,Curiatius
3499,Fabius
3500,Fonteius
3501,Hosidius
3502,Iunius
3503,Maianius
3504,Publicius
3505,Publicius
3506,Mamilius
3507,Marius
3509,Naevius
3510,Norbanus
3511,Numitorius
3512,Numonius
3513,Plutius
3515,Renius
3516,Sae[nius]
3517,Servilius
3518,Servilius
3519,Servilius
3520,Sulpicius
3521,(Iuventius)
3522,Terentius
3523,Titinius
3524,Valerius
3525,Vibius
3526,Vibius
3527,Cornelius
3528,(Cornelius)
3529,Cornelius
3530,Calpurnius
3531,Cornelius
3532,Domitius
3533,Gellius
3534,Lucretius
3536,Fulvius
3538,Iunius
3542,Gargonius
3543,Aemilius
3544,Pl[autius]
3545,Antestius
3547,Axius
3549,Caesius
3550,Cassius
3551,Cassius
3552,Marcius
3553,Cosconius
3554,Cossutius
3556,Cupiennius
3557,Farsuleius
3558,Furius
3559,Hostilius
3560,Itius or Iteius or Iteilius
3561,Iulius
3562,Iulius
3563,Lucretius
3564,Mamilius
3567,Minucius
3568,Mussidius
3569,Papius
3570,Papius
3571,Marcius
3572,Pomponius
3573,Pomponius
3574,Porcius
3576,Rubrius
3577,Rustius
3579,Saufeius
3580,Sempronius
3581,Servius
3582,Trebanius
3584,Valerius
3586,Volumnius
3587,Iuventius
3589,Aburius
3590,Acilius
3592,Arrius
3593,Atilius
3594,Aufidius
3595,Aurelius
3596,Aurelius
3597,Baebius
3598,Calidius
3599,Porcius
3600,Cipius
3601,Fabrinius
3602,Fannius
3603,Furius
3604,Lucilius
3605,Marcius
3607,Porcius
3608,Servilius
3609,Titinius
3610,Tullius
3611,Vargunteius
3612,Volteius
3613,Matienus
3614,(Caecilius)
3615,Valerius
3616,Acilius
3617,Aemilius
3618,Aquillius
3619,Fonteius
3620,Fonteius
3622,Fabius
3623,Pinarius
3625,Ogul[nius]
3626,Opei[mius]
3627,Opeimi[us]
3628,(Aelius)
3629,Cornelius
3630,Accoleius
3632,Calpurnius
3633,Clodius
3635,Crepusius
3636,Fonteius
3638,Porcius
3639,Maenius
3640,Maenius
3642,Vettius
3643,Satrienus
3644,Sepullius
3645,Servilius
3646,(Aelius)
3648,Petillius
3650,(Furius)
3651,(Furius)
3653,Crepereius
3654,Curtius
3655,Marcius
3656,Marcius
3657,Marius
3659,(Marcius)
3660,Pomponius
3661,Pomponius
3662,Sicinius
3663,Titius
3664,Urbinius
3665,L(utatius)
3666,Furius
3667,-
3668,(Atilius)
3669,Cluvius
3670,Pinarius
3671,Sulpicius
3672,Q[uinctilius]
3673,-
3674,Carisius
3675,Cloelius
3676,Cloelius (Cloulius)
3678,(Iuventius)
3679,(Baebius)
3680,Q[uinctius]
3681,Minucius
3682,Veturius
3683,(Papirius)
3684,Valerius
3691,Fufius
3693,Fulvius
3694,Fulvius
3695,Fulvius
3696,Fulvius
3697,Furius
3700,Geminius
3701,Geminius
3702,Haterius
3703,Helvius
3704,(Minucius)
3705,Minucius
3706,Hirtius
3707,Hirtuleius
3742,Iulius
3743,Iustuleius
3744,Iuventius
3746,D(urmius) or D(uillius)
3747,Q(uinctius)
3748,Au(relius?) or An(-)
3749,Licinius
3750,Licinius
3752,Nonius
3753,Nunnuleius
3755,Caelius
3756,Calpurnius
3757,Octavius
3758,Octavius
3759,Octavius
3760,(Octavius)
3761,Orbius
3762,Orfius
3763,Ovinius
3764,Pacceius
3765,-
3767,Paccius
3768,Pacuius (Pacuvius?)
3769,Papirius
3770,(Papirius)
3771,Papirius
3772,Petronius
3773,Pettius
3774,Pileius
3775,Plautius (Plotius)
3776,Pompeius
3777,Pompeius
3778,Cluvius
3779,Cornelius
3780,Cornelius
3781,Cornelius
3782,Cornelius
3783,Cornelius
3785,Cornelius
3786,F-
3787,Pomp-
3788,Pomponius
3789,Popillius
3790,Popillius
3791,Por-
3792,Postumius
3793,Postumius
3794,(Postumius)
3795,Licinius
3796,Licinius
3797,Licinius
3798,Postumius
3800,Priscus
3801,Poblicius
3802,Publilius
3803,Licinius
3804,(Li)cinius
3805,-
3806,Ligarius
3807,Lucanius
3808,Lucretius
3809,Lusius
3810,Lucilius
3811,Lucilius
3812,(Lucilius)
3814,Lucilius
3816,Lucceius
3817,Teresius (or Terentius?)
3818,Sempronius
3820,Seius
3821,Sedius
3822,Pupius
3823,Quinctilius
3824,Quinctius
3825,Q(uinctius)
3826,Quin(c)tius
3827,Resius
3828,Roscius
3829,Roscius
3830,R(oscius)
3831,Rubrius
3832,Rufio or Rufinus
3834,Rutilius
3836,Vinius
3837,Licinius
3838,Saenius
3839,Salvius
3840,Vitruvius
3841,Volscius
3842,Verres
3843,Verginius
3844,Vehilius
3845,Veranius
3846,Vatienus
3847,Varius
3849,Valerius
3851,Tanusius
3853,Terentius
3854,Thorius
3855,Tillius
3856,Titinius
3857,Titius
3858,Tongius
3859,Trebonius
3860,Cornelia
3861,Marcia
3862,Iunia
3863,Licinia
3864,Claudia
3865,Fulvius
3866,Pompeius
3867,Cornelia
3868,Licinius
3869,Cornelius
3870,Servilia
3872,Caecilius
3873,Cornelia
3874,Iulia
3875,Servilius
3876,Calpurnia
3877,Pompeia
3878,Iulia
3879,Aurelia
3880,Sergia
3881,Sergius
3882,Cornelia
3883,Marcia
3884,Atia
3885,Iulia
3886,Pedius
3888,Munatius
3890,Porcia
3891,Turranius
3892,Turrania
3893,Fulvia
3894,Iulia
3895,Sulpicia
3896,Oppius
3898,Tanusia
3899,Lucretius
3900,Turia
3901,Iunia
3902,Scribonia
3903,Antonius
3904,Antonius
3905,Fufius
3906,Scribonia
3907,Sempronia
3908,Mucia
3909,Octavia
3910,Pompeia
3911,Claudius
3912,Antonia
3913,Aemilius
3914,Antonia
3915,Laelia
3916,Fabius
3917,Servilius
3918,Licinius
3919,Domitia
3920,Cornelia
3921,Claudius
3922,Clodius
3923,Sempronius
3924,Cornelia
3925,Annius
3926,Annia
3927,Rutilia
3928,Tullia
3929,Caecilia
3930,Valerius
3931,Pacuvius
3933,Flaminia
3934,Pompeia
3935,Aemilius
3936,Fonteius
3937,Aemilia
3938,Cornelius
3939,Belliena
3940,Terentia
3941,Otacilius
3942,Otacilia
3943,Fabia
3944,Salonia
3945,Aemilia
3946,Cornelia
3947,Caecilia
3948,Iulia
3949,Livia
3950,Claudius
3951,Licinius
3952,Quinctilia
3953,Fabia
3954,Afranius
3955,Licinius
3956,Valgius
3957,Valgius
3958,Servilia
3959,Servilius
3960,Sempronia
3961,Lutatia
3962,Fufia
3963,Iunia
3964,Pilia
3965,Pomponius
3966,Pomponia
3967,Calventia
3968,Pompeia
3969,Laelia
3970,Atilius
3971,Hortensia
3972,Herennius
3973,Iunia
3974,Caninius
3976,Clodius
3977,Papirius
3978,Caecilia
3979,Caecilius
3980,Caecilia
3981,Oppia
3982,Pontius
3983,Gavius
3984,Postumia
3985,Pompeius
3986,Livia
3987,Cornelius
3988,Caecilia
3989,Cornelius
3990,Aurelius
3991,Rutilia
3992,Servilia
3993,Fulvia
3994,Ovia
3995,Lollius
3996,Clodia
3998,Aelius
3999,Venuleia
4000,Licinius
4001,Aemilius
4002,Silius
4003,Silius
4004,Publilia
4005,Licinia
4006,Tullius
4007,Tullia
4008,Claudia
4009,Popillia
4010,Tullia
4011,Cornificia
4012,Porcia
4013,Roscius
4014,Tutia
4015,Fadia
4016,Munatius
4017,Coponius
4018,Coponius
4019,Cossinius
4020,Aemilia
4021,Livius
4022,Aemilia
4023,Licinia
4025,Claudius
4026,Tullius
4027,Gratidia
4028,Licinius
4029,Caecilia
4030,Licinia
4031,Mucia
4032,Mucia
4034,Aelius
4035,Pompeia
4036,Visellius
4037,Sulpicius
4038,Aurelius
4039,Fannius
4041,Sempronius
4042,Claudia
4043,Clodia
4044,Caelius
4045,Iunius
4046,Iunius
4047,Helvia
4048,Licinius
4049,Lutatia
4051,Aemilia
4052,Caecilia
4053,Pinaria
4054,Caecilia
4055,Pupius
4056,Claudia
4057,Curius
4058,Claudia
4059,Rubria
4060,Fadius
4061,Fadius
4062,Pompeia
4063,Cornelia
4064,Eppuleia
4065,Ampia
4066,Caecina
4067,Caecina
4068,Caecina
4069,Fabia
4070,Valeria
4071,Pilius
4072,Flavius
4073,Valgius
4075,Albinia
4077,Iunia
4078,Helvia
4079,Fadius
4080,Licinius
4081,Tullius
4082,Tullius
4083,Numitoria
4084,Appuleius
4085,Baebia
4086,Valeria
4087,Sextilius
4088,Falcidius
4089,Falcidia
4090,Flaminius
4091,Sempronia
4092,Valgia
4093,Tullius
4094,Marius
4095,Antonia
4097,Clodia
4098,Lusius
4099,Maria
4100,Vatinius
4101,Iulius
4103,Terentius
4104,Gratidius
4105,Gratidia
4107,Rubrius
4108,Fufius
4109,Fulvius
4110,Antonia
4111,Numitorius
4112,Fufius
4113,-
4114,Trebonius
4116,Plancius
4118,Plancius
4119,Iuventius
4121,Quinctius
4122,Quinctius
4123,Quinctia
4124,Quinctius
4126,Alfenus
4127,Naevius
4128,Roscius
4129,Roscia
4130,Labienus
4131,Rabiria
4132,Curtius
4134,Publicius
4135,Sestia
4136,Aelius
4137,Atilius
4139,Sittius
4140,Sittius
4141,Licinius
4142,Fabius
4143,Antonia
4144,Iunius
4145,Iunius
4146,Iunius
4147,Vettia
4148,Annia
4149,Trebonius
4150,Trebonius
4152,Fannius
4155,Publicius
4156,Servilia
4157,Vettius
4158,Lollius
4159,Lollius
4160,Calidius
4161,Calidius
4162,Antistius
4163,Pacuvius
4164,Sulpicia
4165,Aelia
4166,Terentia
4167,Cilnius
4169,Sempronius
4170,Aemilius
4171,Licinius
4172,Servilia
4174,Iulia
4175,Antonia
4176,Scribonius
4177,Vipsanius
4179,Vipsania
4180,Proculeius
4181,Cornelius
4182,Vipsania
4184,Iulia
4185,Cornelius
4186,Iulius
4187,Antonius
4190,Claudia
4191,-
4192,Livia
4193,Salvidienus
4194,Claudius
4195,Domitius
4196,Cornelius
4197,Clodia
4198,Aurelius
4199,Fulvius
4200,Fulvius
4201,Papiria
4203,Publicius
4204,Mummia
4206,Claudia
4207,Lucilia
4208,Clodius
4209,Clodius
4210,Cornelia
4211,Iunius
4212,Iunius
4213,Claudius
4214,Licinia
4216,Hostilia
4217,Sempronius
4218,Furius
4219,Calavia
4220,Claudia
4221,Pacuvius
4222,Aemilius
4223,Aemilius
4224,Postumius
4225,Quinctilius
4228,Cornelia
4229,Porcia
4230,Lucilius
4232,Sempronia
4233,Anicia
4234,Fabius
4235,Rupilia
4236,Cornelia
4237,Asinius
4238,Asinius
4239,Asinius
4240,Sulpicius
4241,Sulpicia
4242,Appuleia
4243,Clodia
4244,Aufilius
4245,Livia
4246,Pomponia
4247,Licinia
4248,Aurelia
4249,Valeria
4250,Pedius
4251,Octavia
4252,Ancharia
4253,-
4254,Claudia
4255,Claudia
4256,Cassius
4258,Aurelia
4259,Servilia
4260,Atilia
4261,Porcius
4262,Aemilia
4263,Atilius
4264,Sergia
4265,Sergius
4267,Tertulla
4268,Sempronius
4269,Sempronia
4270,Licinius
4271,Fulcinia
4272,Granius
4273,Fannia
4274,Titinius
4275,Marius
4276,Pompeius
4277,Antistia
4278,Calpurnia
4279,Nonius
4280,Cornelia
4281,Cornelius
4282,Valeria
4283,Valerius
4284,Cornelia
4285,Cloelia
4286,Ilia
4287,Aelia
4288,Antistia
4289,Hortensia
4290,Liburnia
4291,Hirtia
4292,Valeria
4293,Cornelia
4294,Livius
4295,Memmia
4297,Iulius
4298,Octavius
4299,Octavius
4303,Lucilia
4304,Servilia
4305,Cossutia
4306,Lollia
4307,Marcia
4308,Pinarius
4309,Aufidia
4310,Aufidius
4311,Claudius
4312,Alfidia
4313,Valeria
4314,Statilius
4315,Valerius
4316,Livia
4317,Sulpicius
4318,Mummia
4320,Aelia
4321,Claudius
4322,Hortensius
4323,Aemilia
4324,Aemilius
4325,Gallius
4327,Marcia
4328,Fabius
4329,Sallustius
4330,Quinctilius
4331,Claudia
4332,Quinctilius
4333,Cornelius
4334,Quinctilia
4335,Cornelius
4336,Calpurnius
4337,Sextia
4339,Hortensius
4340,Fabia
4341,Antonia
4343,Porcia
4345,Caesetius
4346,Octavius
4347,Veturius
4348,Nonius
4349,Anneius
4350,Atilius
4351,Otacilia
4352,Afrania
4353,Fundania
4354,Cossinia
4355,Valerius
4356,Aurelius
4357,Quinctilia
4358,Nonius
4359,Annia
4361,Antistius
4363,Sentius
4364,Munatia
4365,Coponia
4366,Silius
4367,Titius
4368,Saufeius
4369,Aebutius
4370,Acilius
4371,Acutius
4372,Aebutius
4373,Aeficius
4374,Aelius
4375,Ampudius
4376,Annaeus
4377,Annius
4378,Arpineius
4379,Atrius
4380,Attius
4381,Aufidius
4382,Aufidius
4383,Aurelius
4384,Baebius
4385,Bruttius
4386,Bussenius
4387,Caecilius
4388,Caecilius
4389,Caecilius
4390,Caecina
4391,Caelius
4392,Caesius
4393,Caesius
4394,Caesius
4395,Canuleius
4396,Castricius
4397,Catienus
4398,Cestius
4399,Cluentius
4400,Cluentius
4401,Cluvius
4402,Cluvius
4403,Considius
4404,Considius
4405,Cornelius
4406,Cornelius
4407,Cossinius
4408,Cossutius
4409,Cossutius
4410,Cottius
4411,Cottius
4412,Curtius
4413,Egnatius
4414,Eppius
4415,Fabius
4417,Faucius
4418,Flavius
4419,Flavius
4421,Fufius
4422,Fulvius
4423,Fundanius
4424,Furius
4425,Furius
4426,Gaberius
4427,Gabinius
4428,Gabinius
4429,Gellius
4430,Helvidius
4431,Herennius
4432,Iulius
4433,Iunius
4435,Laenius
4436,Laenius
4438,Maecenas
4439,Magius
4440,Magius
4441,Mamercius
4442,Mindius
4443,Minucius
4444,Minucius
4445,Numitorius
4446,Octavius
4447,Ofilius
4448,Oviolenus
4449,Pinarius
4450,Pompeius
4451,Pontius
4453,Roscius
4455,Rubrius
4456,Seius
4457,Septicius
4458,Septumius
4459,Sertius (or Sirtius) or Sentius
4460,Suetius
4461,Sulpicius
4462,Terentius
4463,Titius
4464,Tullius
4465,Varisidius
4468,Vestrius
4469,Vibius
4470,Visidius
4471,Volusienus
4472,Rubellius
4473,Otacilius
4474,Corfidius
4475,Fufius
4476,Fufius
4477,Tuticanus
4478,Salvius
4479,Septumuleius
4480,Maevius
4481,Titius
4482,Modius
4483,Scandilius
4484,Messenius
4485,Atilius
4486,Trebellius
4487,Matrinus
4488,Sosius
4489,Petillius
4490,Publius
4493,Agrius
4494,Anicius
4495,Antistius
4496,Lutatius
4497,Maecius
4498,Magius
4499,Marcius
4500,Canius
4501,Carvilius
4502,Fufidius
4503,Gargonius
4504,Helvius
4505,Maximus
4506,Mustius
4507,Octavius
4509,Paconius
4510,Ovidius
4511,Papinius
4512,Pompilius
4513,Pontius
4514,Sulpicius
4515,-
4516,Titinius
4517,Titius
4518,Vatienus
4519,Vettius
4520,Veturius
4521,Villius
4522,Volcatius
4524,Castricius
4525,Seius
4526,Orbilius
4527,Saufeius
4528,Sextius
4530,Aelius
4531,Agrius
4532,Axius
4534,Causinius
4536,Pontidius
4537,Trebatius
4538,Valerius
4539,Vettius
4540,Matius
4542,Laberius
4543,Porcius
4545,Albius
4546,Aurius
4547,Caecilius
4548,Cluentius
4549,Corfidius
4550,Felginas
4551,Granius
4552,Pomponius
4553,-
4554,Statilius
4555,Tanusius
4556,Titinius
4557,Volumnius
4558,Volumnius
4559,Petronius
4560,Clonius (or Cluvius)
4561,Pomponius
4563,Turius
4565,Turpio
4566,Accius
4567,Aemilius
4568,Antistius
4569,Appicius
4570,Atilius
4571,Aurifex
4572,Carpinatius
4573,Cominius
4574,Cominius
4575,Erucius
4576,Matinius
4577,Papirius
4578,Planius
4579,Pompeius
4580,Publicius
4581,Rabonius
4582,Raecius
4583,Rupilius
4584,Servilius
4585,Tettius
4586,Tullius
4587,Verres
4589,Vibius
4590,Papirius
4592,Cuspius
4593,Perperna
4595,Tadius
4596,Varius
4597,Vettius
4598,Vibius
4600,Septimius
4601,Septimius
4602,Sergius
4603,Sergius
4604,Sergius
4605,-
4606,Servius
4607,Spurius
4608,Statilius
4609,Statilius
4610,Sulpicius
4611,Poetelius
4612,Furius
4613,Marcius
4614,Antistius
4615,Pompilius
4616,Nunnius
4617,Poetelius
4618,Pomponius
4619,Volumnius
4620,Atilius
4621,Iunius
4622,Laetorius
4623,Nonius
4624,Nonius
4625,Opimius
4626,Otacilius
4627,Pedanius
4628,Petronius
4629,Pompeius
4630,Veturius
4631,Teidius
4632,Annius
4633,Aemilia
4634,Aemilius
4635,Aemilius
4636,Aquinius
4637,Battakes
4638,-
4639,Caparronia
4641,Casponia
4642,Claudius
4644,Cloelius
4646,Coelius
4647,Coelius
4649,Cornelius
4650,Fabius
4651,Favonia
4652,Flavius
4653,Fundilius
4655,Genucius
4656,Genucius
4657,Herennius
4658,Iulius
4659,Licinius
4660,Manius
4661,Marcius
4662,Papirius
4665,Papirius
4667,Pompeius
4668,Postumius
4669,Publicia
4671,Spurinna
4672,Sulpicia
4673,Sulpicius
4674,Sulpicius
4675,Terentius
4676,Usia
4677,Vinulleius
4678,Volcatius
4681,Octavius
4682,Octavius
4683,Caudina
4684,Cornelius
4685,-
4686,Aquillius
4689,Otacilius
4690,Granius
4691,Egnatius
4692,Egnatius
4693,Domitia
4695,-
4696,-
4697,Arruntius
4698,Arruntius
4701,Vetulinus
4702,Vetulinus
4703,Cornelius
4704,Cornelius
4706,Aemilius
4707,Aemilius
4709,Aemilius
4710,Aurelia
4711,Aufidius
4712,Aemilius
4713,Aemilius
4714,Afranius
4715,Afranius
4716,Acilius
4717,Gavius
4718,Appuleius
4719,Minucia
4720,Papius
4721,Ptolemaios
4722,-
4723,Claudius
4724,Asinius
4726,Aemilius
4727,Aemilius
4729,Cornelia
4730,Sempronia
4731,Appuleia
4733,Quinctilia
4734,Aemilius
4735,Cornelia
4736,Aemilius
4737,Pythodoros
4738,Cassius
4739,Cassius
4740,Domitia
4741,Domitius
4742,Quinctia
4743,Aurelius
4744,Alfidius
4745,Alfidius
4746,Sulpicius
4747,Nonia
4748,Anneius
4749,Cluentia
4750,Magia
4751,Novia
4752,Sassia
4753,Aemilius
4754,Aemilius
4755,Livius
4757,Cornelius
4759,Cornelia
4760,Claudius
4761,Vatiena
4762,Caecilia
4763,Cornelius
4765,Octavia
4766,Calpurnia
4767,Popillia
4768,Cornelius
4769,Cornelius
4770,Calpurnius
4771,Calpurnius
4772,Cornelius
4774,Flaminius
4775,Domitia
4776,Domitia
4777,Cornelius
4778,Caninius
4779,Cornelius
4780,Considius
4781,Claudius
4782,Claudius
4783,Cornelia
4784,Sergius
4785,Claudius
4786,Camerius
4787,Marcius
4789,Iulius
4790,Cassia
4791,Sulpicia
4792,Calpurnia
4793,Calpurnius
4794,Licinius
4797,Vibia
4798,Cornelius
4799,Cominius
4802,Claudius
4803,Cornelius
4804,Cornelius
4805,Claudius
4806,Cornelia
4807,Duilius
4808,Duillius
4809,Fabius
4810,Fabius
4811,Fabius
4812,Furnius
4813,Fufius
4814,Fabia
4815,Fabia
4816,Fabius
4817,Hostilius
4818,Iunius
4819,Iunius
4820,Maria
4821,Iunius
4822,Hostilius
4825,Sempronia
4828,Iulius
4830,Atia
4831,Iulius
4832,Duronia
4834,Sempronius
4840,Valerius
4841,Sallustius
4844,Iunius
4847,Aemilius
4848,Aemilius
4849,Anneius
4851,Fonteia
4853,Sextilius
4857,Nonius
4859,Cornelius
4860,Cornelius
4861,Cornelius
4863,Cornelius
4864,Cornelius
4866,Cornelius
4870,Quinctius
4871,Sulpicia
4872,Postumius
4873,Valerius
4874,Marcius
4875,Licinius
4876,Licinius
4877,Licinius
4878,Manlius
4879,Marcius
4880,Marcius
4881,Rutilius
4883,Valerius
4885,Manlius
4886,Valerius
4887,Marcius
4888,Mummius
4889,Licinius
4890,Sempronius
4891,Verginius
4892,Mummius
4893,Marcius
4894,Memmius
4895,Marcius
4896,Opimius
4897,Quinctilius
4898,Quinctilius
4899,Manilius
4900,Pompeius
4902,Lutatius
4903,Pompeius
4904,Valerius
4905,Sentius
4906,Varius
4907,Sulpicius
4908,Valerius
4910,Licinius
4911,Minucia
4912,Marcius
4913,Valeria
4914,Saufeia
4915,Terentia
4916,Venuleius
4917,Papirius
4920,Laelius
4921,Marcius
4922,Sicinius
4923,Manlia
4924,Petreius
4926,Manlia
4927,Manlius
4929,Villius
4930,Sulpicius
4931,Sallustia
4932,Servilius
4933,Lucilius
4936,Sulpicius
4937,Pompeius
4938,Annaeus
4939,Sentia
4940,Terentia
4941,Licinius
4942,Marcius
4943,Manlius
4945,Satrius
4946,Salvidiena
4947,Vipsania
4948,Vipsania
4949,Vipsanius
4951,Oppius
4952,Valerius
4954,Manlius
4955,Quinctilius
4956,Pompeius
4957,Verginius
4958,Servilius
4959,Valerius
4960,Octavius
4961,Quinctius
4962,Plautius
4963,Servilius
4964,Publilius
4965,Sulpicius
4966,Valgius
4967,Hippius
4968,Valgius
4969,Terentius
4970,Publicius
4971,Servilius
4972,Statilius
4973,Statilius
4974,Statilius
4975,Sulpicius
4978,Hirtuleia
4979,Sulpicius
4980,Sulpicius
4981,Sulpicia
4982,Terentia
4983,Sulpicia
4984,Pompeius
4985,Manlius
4986,Poetelius
4988,Valerius
4989,Papirius
4991,Poetelius
4992,Livius
4993,Papirius
4994,Valerius
4995,Sulpicius
4996,Servilius
4997,Valerius
4998,Licinius
4999,Pomponius
5000,Pomponius
5001,Porcius
5002,Papirius
5003,Licinius
5004,Porcius
5005,Veturius
5007,Sempronius
5008,Valerius
5009,Manlius
5010,Iulius
5011,Livius
5012,Licinia
5019,Racilia
5020,Valeria
5021,Verginia
5022,Verginia
5024,Verginius
5025,Veturia
5026,Volumnia
5027,Poetelius
5029,Quinctius
5032,Valerius
5034,Pompeius
5037,Postumius
5039,Decimius
5040,Anicius
5041,-
5042,Persius
5043,Afranius
5044,Carvilius
5045,Biesius
5046,Licinius
5047,Valerius
5048,-
5049,-
5050,-
5051,-
5052,Hortensius
5053,Proculeius
5054,Claudius
5055,Iulius
5056,(-)nus
5058,Satanus
5059,Munatius
5060,Publius
5061,Publius
5062,Publius
5063,Cestius
5064,Nonius
5065,Maenius
5066,Ofillius
5067,Cincius
5068,-
5069,Aclutius
5070,Quinctius
5071,Sergius
5072,Titius
5074,Vibius
5075,Petillius
5076,Terentius
5077,Terentius
5078,Vettius
5079,Fornasidius
5080,Hostilius
5081,Rosidius
5082,Herius
5083,Pontius
5084,Fulvius
5085,Pullienus
5086,Aebutius
5087,Salvienus
5088,Otacilius
5089,Pompeius
5090,Ampius
5091,Servilius
5092,Paccius
5093,Furius
5094,Ampius
5095,Baebius
5096,Considius
5097,Domitius
5098,Laetorius
5100,Papius
5101,Saltius
5102,Appuleius
5104,-
5106,(Perperna)
5107,Versius
5108,Aemilius
5110,Labienus
5111,Ligarius
5113,Acilius
5114,Antius
5115,Atilius
5116,Caninius
5118,Cnorius
5119,Lucceius
5120,Lucilius
5122,Octavius
5123,Pompeius
5124,Pompeius
5125,Pomponius
5126,Sextius
5127,Terentius
5129,Ventidius
5130,Volumnius
5131,Cornelius
5132,-
5133,Acilius
5134,Atilius
5135,Atilius
5136,Fulvius
5137,Lollius
5138,Mammius
5139,Marius
5140,Menenius
5141,Nanneius
5142,Sittius
5144,Verginius
5145,Aurius
5146,Decidius
5147,Ligarius
5148,Urbinius
5149,Antistius
5150,Aurius
5151,Carteius
5152,Lamponius
5153,Aponius
5154,Aurelius
5156,Vibius
5157,Cassius
5158,Ateius
5159,Fundanius
5160,Alexander
5161,Caesennia
5162,(Manlius)
5163,(Decimius)
5164,Aebutius
5165,Furius
5166,(Calpurnius)
5167,Cispius
5168,Velleius
5169,Cornelius
5170,Papirius
5171,Cornelius
5172,Cornelius
5173,Coelius
5174,-
5175,-
5176,Abuttius
5177,Accerronius
5178,Accius
5179,Aebutius
5180,Aebutius
5181,Aelius
5182,Aemilius
5183,Albinovanus
5184,Albius
5185,Albius
5186,Albius
5187,Ancharius
5188,Ancharius
5189,Annaea
5190,Annius
5191,Apinius
5192,Appuleius
5193,Apronius
5194,Asicius
5195,Asuvius
5196,Atidius
5197,Atilius
5198,Atilius
5199,Auria
5200,Aurius
5201,Aurius
5202,Avilius
5203,Baebius
5204,Balbutius
5205,Cacurius
5206,Caecilius
5207,Caelius
5208,Caeparius
5209,Caesennius
5210,Caesernius
5211,Caetra
5212,Calventius
5213,Camurtius
5214,Cascellius
5215,Catius
5216,Ceius
5217,Claudius
5218,Clodius
5219,Clodius
5220,Clodius
5221,Cloelius
5222,Cloelius
5223,Cluentia
5224,Cominius
5225,Cornelius
5226,Cornelius
5227,Cornelius
5228,Crassicius
5229,Curidius
5230,Curius
5231,Decumus
5232,Dinaea
5233,Ennius
5234,Fabius
5235,Fabius
5236,Fabius
5237,Fabricius
5238,Fabricius
5239,Fadius
5240,Fannius
5241,Fidulius
5242,Firmidius
5243,Flavius
5244,Florus
5245,Fuficius
5246,Fulcinius
5247,Fulcinius
5248,Fulvius
5249,Furius
5250,Furius
5251,Gallonius
5252,Gavius
5253,Gavius
5254,Granius
5255,Granius
5256,Grattius
5257,Heius
5258,Heius
5259,Herennius
5260,Horatius
5261,Iunius
5262,Iuventius
5263,Lamia
5264,Lentidius
5265,Licinius
5266,Licinius
5267,Lollius
5268,Lucceius
5269,Lucillius
5270,Lutatius
5271,Maelius
5272,Magius
5273,Magius
5274,Manilius
5275,Manilius
5276,Manlius
5277,Marius
5278,Marius
5279,Matrinius
5280,Matrinius
5281,Meculonius
5282,Memmius
5283,Minucius
5284,Minucius
5285,Mucius
5286,Munatius
5287,Munius
5288,Naevius
5289,Naevius
5290,Numisius
5291,Palla
5292,Papia
5293,Patina
5294,Peducaeus
5295,Petraeus
5296,Petusius
5297,Plancius
5298,Plotius
5299,Pompeius
5300,Pompeius
5301,Pompeius
5302,Pontius
5303,Postumius
5304,Postumius
5305,Propertius
5306,Publicius
5307,Publicius
5308,Quinctilius
5309,Quinctius
5310,Rabonius
5311,Roscius
5312,Roscius
5313,Roscius
5314,Rubrius
5315,Rubrius
5316,Rutilius
5317,Safinius
5318,Salarius
5319,Samiarius
5320,Scantia
5321,Seius
5322,Septimius
5323,Septimius
5324,Sergius
5325,Sergius
5326,Sergius
5327,Sergius
5328,Sertius
5329,Sertius
5330,Servaeus
5331,Servilius
5332,Servilius
5333,Sestullius
5334,Sextius
5335,Sthenius
5336,Terentius
5337,Terentius
5338,Titius
5339,Titurius
5340,Tongilius
5341,Trebellius
5342,Tullio
5343,Tullius
5344,Turranius
5345,Turselius
5346,Valerius
5347,Valerius
5348,Varenus
5349,Varenus
5350,Varenus
5351,Vennonius
5352,Veratius
5353,Vetilius
5354,Vettius
5355,Vettius
5356,Vettius
5357,Vibellius
5358,Vinius
5359,Vitruvius
5360,Volcacius
5361,Volcacius
5362,Volteius
5363,Volturcius
5364,-
5365,-
5366,-
5367,-
5368,-
5369,-
5370,-
5371,-
5372,-
5373,-
5374,-
5375,-
5376,Acutilius
5377,Acutius
5378,Aebutius
5379,Aelius
5380,Agusius
5381,Agusius
5382,Albius
5383,Alledius or Atedius
5384,Amafinius
5385,Anicius
5386,Annianus
5387,Annius
5388,Antonius
5389,Appuleius
5390,Appuleius
5391,Aquillia
5392,Arrius
5393,Arruntius
5394,Atilius
5395,Attalus
5396,Attius
5397,Aurelianus
5398,Aurelius
5399,Aurelius
5400,Aurelius
5401,Aurelius
5402,Avianius
5403,Avianius
5404,Avius
5405,Babullius
5406,Baebius
5407,Baebius
5408,Bagiennus
5409,Balbinus
5410,Batonius
5411,Bellienus
5412,Bolanus
5413,Bruttius
5414,Caecilius
5415,Caecilius
5416,Caecius
5417,Caelius
5418,Caelius
5419,Caerellia
5420,Calenius
5421,Calpurnius
5422,Calvisius
5423,Canuleius
5424,Carrinas
5425,Carvilius
5426,Cascellius
5427,Cicereius
5428,Cincius
5429,Cipius
5430,Claudius
5431,Clodius
5432,Clodius
5433,Cluatius
5434,Cluvius
5435,Cocceius
5436,Cornelius
5437,Cornelius
5438,Cornelius
5439,Cornelius
5440,Cornelius
5441,Cornelius
5442,Cornelius
5443,Cornificius
5444,Curtilius
5445,Curtius
5446,Custidius
5447,Dexius
5448,Domitius
5449,Duronius
5450,Egnatius
5451,Egnatius
5452,Faberius
5453,Fabius
5454,Fadius
5455,Fadius
5456,Fadius
5457,Flavius
5458,Fonteius
5459,Fufidius
5460,Fufius
5461,Fulvius
5462,Funisulanus
5463,Furius
5464,Gallius
5465,Gellia
5466,Genucilius
5467,Herius
5468,Hetereius
5469,Hippius
5470,Hordeonius
5471,Hostilius
5472,Iulius
5473,Iunius
5474,Iunius
5475,Iuventius
5476,Iuventius
5477,Laenius
5478,Largus
5479,Lartidius
5480,Latinus
5481,Licinia
5482,Licinius or Licinus
5483,Licinius
5484,Licinius
5485,Ligurius
5486,Ligus
5487,Livia
5488,Lollius
5489,Longidius
5490,Lucceius
5491,Lucilius
5492,Lucilius
5493,Lucretius
5494,Maccius
5495,Maecius
5496,Maenius
5497,Magius
5498,Mallius
5499,Mamilius
5500,Manilius
5501,Manlius
5502,Manlius
5503,Marcilius
5504,Marius
5505,Marius
5506,Matrinius
5507,Mescidius
5508,Mettius
5509,Minucius
5510,Munatius
5511,Nasennius
5512,Numestius
5513,Octavius
5514,Octavius
5515,Ollius
5516,Opimius
5517,Oppia
5518,Oppius
5519,Ovius
5520,Paccius
5521,Paconius
5522,Paeonius
5523,Papirius
5524,Pausanias
5525,Pilius
5526,Pinarius
5527,Pinnius
5528,Pinnius
5529,Pituanius
5530,Plaetorius
5531,Plaetorius
5532,Plautus
5533,Plotius
5534,Pompeius
5535,Pompilius
5536,Pompilius
5537,Pontianus
5538,Pontius
5539,Pontius
5540,Pontius
5541,Postumius
5542,Precianus
5543,Precius or Praecius
5544,Procilius
5545,Publilius
5546,Publilius
5547,Pupius
5548,Quinctius
5549,Rantius
5550,Sallustius
5551,Sallustius
5552,Saufeius
5553,Segulius
5554,Seius
5555,Selicia
5556,Selicius
5557,Selius
5558,Septimia
5559,Septimius
5560,Servilius
5561,Servilius
5562,Servilius
5563,Servilius
5564,Servius
5565,Sextilius
5566,Sextilius
5567,Sicinius
5568,Siser
5569,Sittius
5570,Staberius
5571,Statilius
5572,Statius
5573,Subernius
5574,Tarquitius
5575,Tebanus
5576,Terentius
5577,Terentius
5578,Terentius
5579,Tettius
5580,Tettius
5581,Tigellius
5582,Titinius
5583,Titinius
5584,Titurnius
5585,Tratorius
5586,Tuccius
5587,Tullius
5588,Tullius
5589,Tullius
5590,Tullius
5591,Turpilia
5592,Turpilius
5593,Turranius
5594,Turranius
5595,Tuscenius
5596,Tuscilius
5597,Valerius
5598,Valerius
5599,Valerius
5600,Valerius
5601,Vedius
5602,Vennonius
5603,Vennonius
5604,Verginius
5605,Verrius
5606,Vestorius
5607,Vettienus
5608,Vibius
5609,Vidius
5610,Villius
5611,Visellia
5612,Volusius
5613,Volusius
5614,-
5615,Acilius
5616,Afranius
5617,Alenus
5618,Alliennius
5619,Aquinius
5620,Blossius
5621,Caecilia
5622,Caesulenus
5623,Canuleius
5624,Claudius
5625,Claudius
5626,Coelius
5627,Coponius
5628,Cornelius
5629,-
5630,Furius
5631,Helvius
5632,Hirtuleius
5633,Horatius
5634,Iunia
5635,Iuventius
5636,Largus or Largius
5637,Livius
5638,Mummius
5639,Novius
5640,Octavius
5641,Pacuvius
5642,Papirius
5643,Persius
5644,Pinarius
5645,Pinarius
5646,Pompeius
5647,Pontidius
5648,Pontius
5649,Porcius
5650,Porcius
5651,Postumius
5652,Postumius
5653,Praecia
5654,Publicius
5655,Publicius
5656,Rabirius
5657,Rubrius
5658,Rupilius
5659,Rusius
5660,Rusticelius
5661,Rutilius
5662,Sabellius
5663,Selius
5664,Selius
5665,Sempronius
5666,Sempronius
5667,Sergius
5669,Sextilius
5670,Suffustius
5671,Tarrutius
5672,Terentius
5673,Tetrilius
5674,Tinga or Tinca
5675,Titinia
5676,-
5677,Varius
5678,Verginius
5679,Vettius
5680,Vigellius
5681,Gellius
5682,Iuventius
5683,Marcilius
5684,-
