1,,Iunius,Brutus
2,,Tarquinius,Collatinus
3,,Valerius,Poplicola
4,,Lucretius,Tricipitinus
5,,Horatius,Pulvillus
6,,Minucius,(Augurinus)
7,,Veturius,Geminus
10,,Lucretius,Tricipitinus
11,,Herminius,Aquilinus
12,,Larcius,Rufus or Flavus 
13,,Valerius,(Volusus)
15,,Postumius,Tubertus
17,,Larcius,Flavus or Rufus
18,,Menenius,Lanatus
19,,Verginius,Tricostus
20,,Cassius,Vecellinus
21,,Cominius,Auruncus
23,,Sulpicius,Camerinus
24,,Tullius,Longus
25,,Aebutius,Helva
27,,Postumius,Albus
28,,Sempronius,Atratinus
29,,Cloelius,Siculus
30,,Minucius,Augurinus
31,,Verginius,Tricostus
32,,Claudius,Sabinus
33,,Servilius,Priscus
35,,Verginius,Tricostus
36,,Veturius,Geminus
37,,Valerius,Maximus
38,,Servilius,Priscus
39,,Albinius,Paterculus
40,,Iunius,Brutus
43,,Sicinius,Vellutus
44,,Viscellius (or Visellius),Ruga
48,,Geganius,Macerinus
49,,Minucius,Augurinus
51,,Valerius,Poplicola
53,,Iunius,Brutus
55,,Sulpicius,Camerinus
56,,Iulius,Iullus
57,,Pinarius,Mamertinus
58,,Nautius,Rutilus
59,,Furius,(Medullinus)
61,,Sicinius,(Sabinus)
62,,Aquillius,(Tuscus)
63,,Verginius,Tricostus
65,,Mucius,Scaevola
67,,(Valerius),Laevinus
69,,Tullius,Tolerinus
76,,Cornelius,Maluginensis
77,,Fabius,Vibulanus
78,,Fabius,Vibulanus
79,,Valerius,Potitus
80,,Aemilius,Mamercus
82,,Fabius,Vibulanus
85,,Iulius,Iullus
86,,Furius,Fusus
88,,Manlius,Cincinnatus
91,,Verginius,Tricostus
92,,Servilius,Structus
96,,Menenius,Lanatus
97,,Verginius,Tricostus
98,,Servilius,Structus
101,,Nautius,Rutilus
104,,Furius,Medullinus
105,,Manlius,Vulso
106,,Iulius,Iullus
107,,Verginius,Esquilinus
109,,Pinarius,Mamercinus
110,,Furius,Medullinus
113,,Claudius,Crassinus
114,,Quinctius,Capitolinus
116,,Aemilius,Mamercus
121,,Numicius,Priscus
122,,Verginius,(Tricostus)
123,,Servilius,Structus
124,,Fabius,Vibulanus
125,,Postumius,Albus
126,,Postumius,Albus
127,,Furius,Medullinus
129,,Servilius,Priscus
130,,Aebutius,Helva
132,,Valerius,(Maximus)
133,,Lucretius,Tricipitinus
134,,Veturius,Geminus
135,,Terentilius,Harsa
137,,Volumnius,Amintinus
138,,Sulpicius,Camerinus
140,,Volscius,Fictor
141,,Claudius,Crassus
142,,Quinctius,Cincinnatus
143,,Cornelius,Maluginensis
145,,Servilius,(Structus)
146,,(Furius?),Carve(tus)
147,,Minucius,Esquilinus
148,,Tarquitius,Flaccus
149,,Valerius,Maximus
151,,Minucius,Esquilinus
152,,Fabius,Vibulanus
153,,Verginius,Tricostus
156,,Romilius,Rocus
157,,Veturius,Cicurinus
158,,Tarpeius,Montanus
159,,Aternius,Varus
160,,Calvius,Cicero
161,,Siccius,Dentatus
164,,Curiatius,Fistus
165,,Horatius,Pulvillus
166,,Menenius,Lanatus
168,,Genucius,Augurinus
169,,Veturius,Crassus
170,,Veturius,Crassus
172,,Sestius,Capito(linus)
173,,Cornelius,Maluginensis
174,,Sergius,Esquilinus
175,,Poetelius,Libo
176,,Antonius,Merenda
177,,Duillius,(Longus)
178,,Oppius,Cornicen
180,,Valerius,Potitus
181,,Horatius,(Tu)rrinus
193,,Furius,(Pacilus)
194,,Papirius,(Crassus)
195,,Herminius,Coritinesanus
196,,Verginius,Tricostus
197,,Aternius,(Varus)
198,,Trebonius,Asper
199,,Geganius,Macerinus
200,,Iulius,(Iullus)
201,,Furius,Fusus
203,,Aemilius,Mamercinus
205,,Genucius,Augurinus
206,,Curtius,Philo (or Chilo)
209,,Sempronius,Atratinus
210,,Atilius,Luscus
211,,Cloelius,Siculus
212,,Papirius,Mugillanus
213,,Sempronius,Atratinus
214,,Fabius,Vibulanus
215,,Aebutius,Helva
218,,Aebutius,Helva
219,,Furius,Pacilus
220,,Papirius,Crassus
222,,Geganius,Macerinus
223,,Menenius,Lanatus
226,,Servilius,Ahala
231,,Quinctius,Cincinnatus
234,,Cloelius,Tullus
237,,Sergius,Fidenas
238,,Valerius,Lactuca
239,,Cornelius,Cossus
240,,Papirius,Crassus
241,,Cornelius,Maluginensis
243,,Verginius,Tricostus
244,,Servilius,Priscus
245,,Manlius,Capitolinus
246,,Sulpicius,Camerinus
247,,Cornelius,Cossus
249,,Postumius,Tubertus
251,,Pinarius,Mamercinus
252,,Furius,Medullinus
254,,Quinctius,Pennus
255,,Iulius,Mento
258,,Postumius,Albus
260,,Papirius,Crassus
261,,Iulius,Iullus
264,,Lucretius,Tricipitinus
266,,Servilius,Structus
267,,Papirius,Mugillanus
268,,Postumius,(Albinus)
269,,Sempronius,Atratinus
270,,Horatius,Barbatus
271,,Claudius,Crassus
272,,Nautius,Rutilus
273,,Iulius,Iullus
274,,Sempronius,Atratinus
275,,Fabius,Vibulanus
278,,Manlius,Capitolinus
279,,Antonius,Merenda
285,,Quinctius,Capitolinus
286,,Manlius,Vulso
292,,Menenius,Lanatus
293,,Lucretius,Tricipitinus
294,,Nautius,Rutilus
295,,Papirius,Mugillanus
296,,Rutilius,Crassus
297,,Veturius,Crassus
300,,Cornelius,Cossus
301,,Valerius,Potitus
303,,Quinctius,Cincinnatus
305,,Cornelius,Cossus
306,,Valerius,Potitus
307,,Postumius,Albinus
310,,Cornelius,Cossus
311,,Fabius,Vibulanus
312,,Furius,Pacilus
314,,Papirius,Mugillanus (or Atratinus)
316,,Aemilius,Mamercinus
322,,Fabius,Ambustus
325,,Iulius,Iullus
326,,Cornelius,Cossus
327,,Servilius,Ahala
328,,Cornelius,Rutilus
329,,Fabius,Vibulanus
330,,Cornelius,Cossus
332,,Manlius,Vulso
333,,Sergius,Fidenas
334,,Cornelius,Maluginensis
335,,Claudius,Crassus
336,,Quinctilius,Varus
337,,Iulius,Iullus
338,,Furius,Fusus
340,,Furius,Camillus
341,,Postumius,Albinus
342,,Servilius,Fidenas
343,,Verginius,Tricostus
344,,Sulpicius,Camerinus
347,,Iulius,Iullus
354,,Licinius,Calvus
355,,Manlius,Vulso
356,,Titinius,Pansa
357,,Maelius,Capitolinus
358,,Furius,Medullinus
359,,Publilius,Philo
360,,Genucius,Augurinus
361,,Atilius,Priscus
362,,Pomponius,Rufus
363,,Duillius,Longus
364,,Veturius,Crassus
365,,Publilius,Philo
366,,Valerius,Lactucinus
367,,Claudius,Ugo
368,,Marius,Appius
371,,Sergius,Fidenas
372,,Postumius,Albinus
373,,Cornelius,Maluginensis
374,,Manlius,Vulso
375,,Cornelius,Cossus
376,,Cornelius,Scipio
380,,Aemilius,Mamercinus
381,,Valerius,Poplicola
382,,Postumius,Albinus
384,,Catlus,Verus
387,,Lucretius,Tricipitinus
388,,Sulpicius,Camerinus
389,,Papirius,Cursor
390,,Cornelius,Maluginensis
391,,Manlius,Capitolinus
393,,Furius,Fusus
396,,Fabius,Ambustus
400,,Fabius,Ambustus
401,,Sulpicius,Longus
402,,Folius,(Flaccinator)
403,,Fabius,Dorsuo
406,,Manlius,Capitolinus
407,,Aemilius,Mamercinus
408,,Postumius,Albinus
409,,Papirius,Mugillanus
411,,Servilius,Ahala
414,,Furius,Camillus
415,,Quinctius,Cincinnatus
416,,Iulius,Iullus
417,,Aquillius,Corvus
418,,Sulpicius,Rufus
419,,Sergius,Fidenas
420,,Menenius,Lanatus
426,,Cornelius,Maluginensis
427,,Quinctius,Cincinnatus
428,,Horatius,Pulvillus
429,,Valerius,Potitus
432,,Cornelius,Cossus
433,,Papirius,Crassus
438,,Papirius,Crassus
440,,Servilius,Fidenas
441,,Sulpicius,(Camerinus)
442,,Fabius,Albus
443,,Furius,Medullinus
444,,Fabius,Ambustus
445,,Sulpicius,Peticus
446,,Papirius,Crassus
448,,Sempronius,Atratinus
449,,Sulpicius,Camerinus
450,,Manlius,Capitolinus
453,,Albinius,-
454,,Antistius,-
456,,Erenucius,-
458,,Cloelius,Siculus
459,,Horatius,-
460,,Geganius,(Macerinus)
461,,Servilius,Priscus
462,,Cloelius,Siculus
464,,Veturius,(Crassus)
465,,Sulpicius,Praetextatus
466,,Quinctius,Cincinnatus
468,,Licinius,Stolo
469,,Sextius,Sextinus
471,,Valerius,Potitus
473,,Cornelius,Cossus
474,,Cornelius,Maluginensis
475,,Quinctius,(Cincinnatus)
476,,Quinctius,Cincinnatus
477,,Servilius,Structus
478,,Papirius,Crassus
479,,Veturius,Crassus
481,,Licinius,Calvus
482,,Geganius,Macerinus
483,,Quinctius,Pennus
484,,Aemilius,Mamercinus
485,,Postumius,Regillensis
486,,Furius,Camillus
487,,Quinctius,Capitolinus
489,,Genucius,Aventinensis
490,,Servilius,Ahala
491,,Popillius,Laenas
492,,Genucius,Aventinensis
493,,Manlius,Capitolinus
494,,Pinarius,Natta
495,,(Cornelius or Mucius),Sca.u.la (Scapula or Scaevola)
497,,Manlius,Imperiosus
498,,Fabius,Ambustus
499,,Poetelius,Libo
500,,Manlius,Capitolinus
501,,Fabius,Ambustus
502,,Plautius,Proculus
503,,Valerius,Poplicola
505,,Marcius,Rutilus
510,,Cornelius,Cossus
511,,Valerius,Poplicola
512,,Iulius,(Iullus)
513,,Cornelius,Scipio
515,,Decius,Mus
517,,Publilius,Philo)
519,,Cornelius,Scipio
522,,Valerius,Maximus
523,,Plautius,Venox or Venno
524,,Fabius,Dorsuo
525,,Sulpicius,Camerinus
526,,Furius,Camillus
528,,Fabius,Ambustus
529,,Aemilius,Mamercinus
533,,Papirius,Crassus
534,,Papirius,Cursor
536,,Manlius,(Torquatus)
538,,Aemilius,Mamercinus
539,,Iunius,Brutus
541,,Sulpicius,Longus
542,,Aelius,Paetus
543,,Claudius,Crassus)
544,,Claudius,Hortator
547,,Atilius,Regulus
548,,Postumius,Albinus
549,,Veturius,Calvinus
550,,Cornelius,Rufinus
552,,Domitius,Calvinus
553,,Papirius,Crassus
555,,Cornelius,Calussa
556,,Valerius,Potitus
557,,Claudius,Marcellus
559,,Fabius,Maximus
560,,Plautius,Venox or Venno
561,,Plautius,Decianus
562,,Plautius,Proculus
563,,Cornelius,Scapula
565,,Cornelius,Lentulus
570,,Valerius,Maximus
571,,Aulius,Cerretanus
572,,Fulvius,Curvus
576,,Aemilius,Papus
577,,Valerius,Flaccus
579,,Folius,Flaccinator
584,,Plautius,Venox or Venno
585,,Papirius,Crassus
587,,Iunius,Bubulcus
588,,Aemilius,Barbula
589,,Nautius,Rutilus
590,,Popillius,Laenas
591,,Claudius,Caecus
592,,Fabius,Ambustus
593,,Poetelius,Libo
595,,Fulvius,Longus
596,,Decius,Mus
597,,Plautius,Venox
599,,Laetorius,Mergus
601,,Marcius,Rutilus
603,,Sempronius,Sophus
604,,Fabius,(Maximus)
608,,Volumnius,Flamma
609,,Postumius,Megellus
610,,Marcius,Tremulus
611,,Cornelius,Arvina
612,,Cornelius,Scipio
614,,Minucius,Augurinus
615,,Fulvius,Curvus
617,,Sulpicius,Saverrio
619,,Anicius,Praenestinus
621,,Cornelius,Barbatus
622,,Cornelius,Lentulus
623,,Genucius,Aventinensis
624,,Livius,Denter
625,,Aemilius,Paullus
628,,Cornelius,Scipio
629,,Fulvius,Maximus
630,,Appuleius,Pansa
632,,Ogulnius,Gallus
633,,Genucius,(Augurinus)
634,,Minucius,Faesus
636,,Fulvius,Paetinus
637,,Manlius,Torquatus
638,,Domitius,Calvinus
639,,Carvilius,Maximus
640,,Papirius,Cursor
641,,Curius,Dentatus
642,,Fabius,Maximus
644,,Aelius,Paetus
645,,Fulvius,Curvus
646,,Manlius,Torquatus
647,,Atilius,Regulus
648,,Opimius,Pansa
649,,Carvilius,Maximus
652,,Iunius,Brutus
655,,Papirius,(Cursor)
657,,Iunius,Bubulcus
658,,Cornelius,Rufinus
659,,Papirius,Maso
660,,Caedicius,Noctua
661,,Cornelius,Arvina
662,,Claudius,Marcellus
663,,Nautius,Rutilus
665,,Valerius,Maximus
666,,Aelius,Paetus
668,,Claudius,Canina
669,,Aemilius,Lepidus
671,,Aemilius,Barbula
672,,Servilius,Tucca
673,,Caecilius,Metellus
674,,Cornelius,Dolabella
675,,Fabricius,Luscinus
676,,Aemilius,Papus
677,,Vibellius,Campanus
679,,Valerius,(Flaccus)
680,,Aemilius,Barbula
681,,Marcius,Philippus
682,,Valerius,Laevinus
684,,Sulpicius,Saverrio
685,,Decius,Mus
687,,Genucius,Clepsina
688,,Cornelius,Lentulus
689,,Cornelius,Merenda
690,,Postumius,Albinus
691,,Fabius,Licinus
692,,Fabius,Pictor
695,,Papirius,Praetextatus
696,,Quinctius,Claudus
697,,Genucius,Clepsina
698,,Cornelius,Blasio
699,,Fulvius,Flaccus
700,,Fabius,Pictor
701,,Sempronius,Sophus
702,,Claudius,Russus
703,,Atilius,Regulus
704,,Iulius,Libo
707,,Iunius,Pera
709,,Fabius,Maximus
710,,Mamilius,Vitulus
712,,Fabius,Maximus
713,,Claudius,Caudex
716,,Valerius,Maximus
718,,Postumius,Megellus
719,,Mamilius,Vitulus
720,,Valerius,Flaccus
721,,Otacilius,Crassus
722,,Cornelius,Scipio
723,,Cornelius,Scipio
726,,Aquillius,Florus
727,,Atilius,Caiatinus
728,,Sulpicius,Paterculus
730,,Calpurnius,Flamma
732,,Atilius,Regulus
733,,Laetorius,Plancianus
734,,Manlius,Vulso
737,,Calpurnius,Crassus
738,,Fulvius,Paetinus
739,,Aemilius,Paullus
740,,Mamilius,Turrinus
742,,Servilius,Caepio
743,,Sempronius,Blaesus
744,,Claudius,Pulcher
745,,Furius,Pacilus
746,,Aurelius,Cotta
747,,Servilius,Geminus
748,,Aurelius,Pecuniola
751,,Caecilius,Metellus
752,,Cornelius,Sulla
753,,Iunius,Pullus
754,,Claudius,Glicia
755,,Fundanius,Fundulus
757,,Fabius,Buteo
758,,Manlius,Torquatus
759,,Otacilius,Crassus
760,,Fabius,Licinus
761,,Sempronius,Gracchus
762,,Fabius,Buteo
763,,Atilius,Bulbus
764,,Sulpicius,Galus
765,,Lutatius,Catulus
766,,Postumius,Albinus
767,,Valerius,Falto
768,,Lutatius,Cerco
770,,Publicius,Malleolus
771,,Publicius,Malleolus
776,,Claudius,Centho
777,,Sempronius,Tuditanus
778,,Mamilius,Turrinus
779,,Valerius,Falto
780,,Cornelius,Lentulus
781,,Fulvius,Flaccus
782,,Cornelius,Lentulus
783,,Licinius,Varus
784,,Claudius,Clineas
785,,Aemilius,(Lepidus)
786,,Livius,Salinator
787,,Manlius,Torquatus
788,,Postumius,Albinus
789,,Carvilius,Maximus
791,,Pomponius,Matho
792,,Aemilius,Lepidus
796,,Aemilius,Barbula
797,,Iunius,Pera
798,,Octavius,Rufus
803,,Fulvius,Centumalus
805,,Valerius,Flaccus
806,,Atilius,Regulus
807,,Valerius,Laevinus
808,,Valerius,(Maximus)
809,,Apustius,Fullo
810,,Claudius,Marcellus
811,,Scantinius,Capitolinus
812,,Aemilius,Papus
813,,Atilius,Regulus
814,,Furius,Philus
815,,Cornelius,Cethegus
817,,Cornelius,Scipio
818,,Terentius,Varro
819,,Cornelius,Scipio
820,,Minucius,Rufus
822,,Mucius,Scaevola
823,,Lutatius,Catulus
824,,Veturius,Philo
826,,Aemilius,Paullus
827,,Livius,Salinator
828,,Furius,Bibaculus
830,,Baebius,Tamphilus
831,,Furius,Bibaculus
832,,Cornelius,Scipio
833,,Sempronius,Longus
835,,Atilius,Serranus
836,,Manlius,(Vulso)
840,,Licinius,(Varus)
845,,Servilius,(Geminus)
849,,Papirius,Maso
851,,Cornelius,Scipio
852,,Servilius,Geminus
853,,Pomponius,Matho
854,,Aemilius,Regillus
855,,Cornelius,Mammula
856,,Otacilius,Crassus
857,,Pomponius,(Matho)
858,,Claudius,Pulcher
860,,Sempronius,Blaesus
865,,Quinctius,Flamininus
866,,Sempronius,Gracchus
870,,Aurelius,Cotta
871,,Claudius,Marcellus
872,,Baebius,Herennius
874,,Scribonius,Libo
876,,Furius,Bibaculus
877,,Cornelius,Lentulus
878,,Cornelius,Scipio
879,,Fabius,Maximus
881,,Publicius,Bibulus
882,,Sempronius,Tuditanus
883,,Fabius,Pictor
885,,Iunius,Silanus
889,,Aelius,Paetus
891,,Caecilius,Metellus
897,,Antistius,Reginus
899,,Maecilius,Croto
901,,Valerius,Antias
902,,Valerius,Flaccus
903,,Cornelius,Lentulus
904,,Fulvius,Centumalus
905,,Caecilius,Metellus
907,,Porcius,Cato
908,,Claudius,Nero
909,,Livius,(Macatus)
910,,Naevius,Crista
912,,Atilius,Regulus
913,,Fundanius,Fundulus
914,,Villius,Tappulus
916,,Quinctius,Crispinus
918,,Pomponius,Veientanus
919,,Servilius,Caepio
921,,Papirius,Maso
923,,Cornelius,Sulla
924,,Fulvius,Flaccus
925,,Iunius,Silanus
926,,Licinius,Crassus
929,,Servilius,Casca
930,,Valerius,Flaccus
931,,Servilius,Geminus
936,,Sulpicius,Galba
938,,Cornelius,Lentulus
939,,Sulpicius,(Galus)
942,,Sempronius,Blaesus
943,,Marcius,Septimius
945,,Fulvius,Flaccus
948,,Porcius,Licinus
949,,Veturius,Philo
952,,Livius,Salinator
953,,Servilius,Pulex
957,,Cincius,Alimentus
958,,Manlius,Acidinus
959,,Manlius,Vulso
960,,Licinius,Varus
966,,Calpurnius,Piso
967,,Furius,Purpurio
971,,Popillius,(Laenas)
976,,Sempronius,Longus
977,,Quinctius,Flamininus
980,,Cornelius,Dolabella
981,,Aemilius,Papus
982,,Mamilius,Atellus
984,,Hostilius,Tubulus
985,,Cornelius,Lentulus
986,,Cornelius,Lentulus
987,,Sulpicius,Galba
988,,Publicius,Bibulus
990,,Decimius,Flavus
991,,Sempronius,Tuditanus
993,,Valerius,Flaccus
994,,Claudius,(Flamen)
995,,Iulius,Caesar
996,,Caecilius,Metellus
997,,Claudius,Marcellus
999,,Quinctius,Flamininus
1002,,Licinius,Pollio
1006,,Aelius,Paetus
1007,,Hostilius,(Cato)
1008,,Hostilius,Cato
1009,,Cornelius,Lentulus
1010,,Pomponius,Matho
1011,,Mamilius,Turrinus
1014,,Claudius,Asellus
1016,,Cornelius,Scipio
1019,,Claudius,Asellus
1021,,Tremellius,Flaccus
1022,,Valerius,Falto
1023,,Cornelius,Lentulus
1024,,Aemilius,Papus
1025,,Iunius,Pennus
1031,,Veturius,Philo
1032,,Claudius,Nero
1033,,Marcius,Ralla
1034,,Villius,Tappulus
1035,,Baebius,Tamphilus
1036,,Cincius,Alimentus
1041,,Quinctilius,Varus
1042,,Fabius,Buteo
1043,,Sextius,Sabinus
1051,,Fulvius,Gillo
1052,,Baebius,Dives
1053,,Fabius,Maximus
1054,,Aurelius,Cotta
1055,,Fulvius,(Gillo)
1056,,Licinius,Lucullus
1057,,Aelius,Tubero
1060,,Sulpicius,Galba
1062,,Minucius,Rufus
1063,,Acilius,Glabrio
1064,,Minucius,Thermus
1065,,Cornelius,Cethegus
1067,,Aemilius,Lepidus
1071,,Hostilius,Cato
1072,,Fulvius,Flaccus
1073,,Sergius,Plautus
1074,,Aelius,Paetus
1075,,Terentius,Massiliota
1077,,Cornelius,Scipio
1079,,Claudius,Centho
1081,,Furius,Crassipes
1084,,Porcius,Laeca
1085,,Cornelius,Blasio
1088,,Apustius,(Fullo)
1090,,Cornelius,Scipio
1091,,Cornelius,Merula
1092,,Sempronius,Tuditanus
1095,,Claudius,Nero
1097,,Fabius,(Buteo)
1100,,Manlius,Vulso
1101,,Minucius,Rufus
1102,,Sergius,Silus
1103,,Manlius,Vulso
1105,,Oppius,Salinator
1106,,Iuventius,(Thalna)
1109,,Fulvius,Nobilior
1110,,Domitius,Ahenobarbus
1111,,Scribonius,Curio
1113,,Atinius,Labeo
1114,,Licinius,Lucullus
1115,,Marcius,Ralla
1117,,Fabius,Labeo
1118,,Claudius,Pulcher
1123,,Iunius,Silanus
1124,,Sempronius,Gracchus
1125,,Claudius,Pulcher
1127,,Fabricius,Luscinus
1128,,Manlius,(Vulso)
1129,,Publicius,Bibulus
1131,,Iunius,Brutus
1132,,Iunius,Brutus
1133,,Valerius,Tappo
1134,,Aemilius,Paullus
1135,,Terentius,Culleo
1137,,Cornelius,Merenda
1139,,Iuventius,Thalna
1140,,Atilius,Serranus
1141,,Scribonius,Libo
1143,,Postumius,Tympanus
1149,,Iunius,Brutus
1151,,Manlius,Vulso
1152,,Aelius,Tubero
1154,,Porcius,Licinus
1157,,Sempronius,Tuditanus
1163,,Baebius,Tamphilus
1164,,Fulvius,Centumalus
1165,,Salonius,Sarra
1168,,Titinius,Curvus
1169,,Cornelius,Mammula
1170,,Postumius,Albinus
1171,,Sempronius,Blaesus
1172,,Postumius,Albinus
1173,,Sulpicius,Galus
1175,,Aemilius,Regillus
1176,,Atinius,Labeo
1179,,Furius,Aculeo
1180,,Aemilius,Lepidus
1182,,Sempronius,Gracchus
1183,,Terentius,Varro
1184,,Claudius,Lepidus
1185,,Aemilius,(Regillus)
1186,,Aemilius,Scaurus
1187,,Atilius,Serranus
1188,,Fabius,Pictor
1190,,Plautius,Hypsaeus
1191,,Claudius,Pulcher
1192,,Sulpicius,Galba
1194,,Fulvius,Flaccus
1195,,Sempronius,Gracchus
1196,,Sempronius,Rutilus
1197,,Cornelius,Merula
1198,,Aurelius,Cotta
1200,,Valerius,Laevinus
1201,,Valerius,Messalla
1204,,Manlius,Acidinus
1205,,Marcius,Philippus
1207,,Valerius,Tappo
1208,,Fabius,(Buteo)
1209,,Fabius,Maximus
1212,,Cornelius,Cethegus
1213,,Furius,Luscus
1214,,Sempronius,Blaesus
1219,,Petillius,Spurinus
1221,,Aurelius,Scaurus
1222,,Calpurnius,Piso
1223,,Cornelius,Sulla
1224,,Licinius,Lucullus
1226,,Quinctius,Crispinus
1227,,Afranius,Stellio
1228,,Atilius,Serranus
1229,,Claudius,Marcellus
1231,,Postumius,Tempsanus
1232,,Valerius,Laevinus
1235,,Claudius,Nero
1236,,Iuventius,Thalna
1237,,Quinctilius,Varus
1238,,Cornelius,Cethegus
1239,,Decimius,Flavus
1240,,Naevius,Matho
1241,,Sempronius,Longus
1242,,Fulvius,Flaccus
1245,,Minucius,Augurinus
1247,,Fulvius,Flaccus
1248,,Fulvius,Nobilior
1249,,Cornelius,Sisenna
1250,,Iulius,(Caesar)
1251,,Postumius,Albinus
1253,,Aebutius,Parrus
1254,,Caecilius,Denter
1255,,Ogulnius,Gallus
1256,,Terentius,Istra
1259,,Minucius,Thermus
1260,,Aurelius,Cotta
1263,,Fabius,Buteo
1264,,Pinarius,Rusca (or Posca)
1265,,Iulius,Caesar
1270,,Acilius,Glabrio
1271,,Porcius,Licinus
1272,,Lucretius,Gallus
1274,,Cornelius,Mammula
1275,,Hostilius,Mancinus
1277,,Minucius,Molliculus
1278,,Postumius,Albinus
1279,,Villius,Annalis
1281,,Fulvius,(Nobilior)
1282,,Cornelius,Dolabella
1283,,Popillius,Laenas
1284,,Popillius,Laenas
1285,,Cornelius,Scipio
1286,,Fulvius,Nobilior
1287,,Cloelius,Siculus
1288,,Mucius,Scaevola
1289,,Mucius,Scaevola
1290,,Claudius,Centho
1291,,Servilius,Caepio
1295,,Claudius,Nero
1296,,Cluvius,Saxula
1297,,Fonteius,Capito
1301,,Aelius,(or
1304,,Cassius,Longinus
1305,,Licinius,Strabo
1309,,Cornelius,Scipio
1311,,Quinctius,Flamininus
1312,,Aelius,Paetus
1314,,Licinius,Nerva
1315,,Papirius,Turdus
1318,,Claudius,Marcellus
1319,,Aquillius,Gallus
1320,,Cornelius,Scipio
1321,,Licinius,Crassus
1322,,Papirius,Maso
1323,,Furius,Philus
1324,,Aelius,Ligus
1325,,Baebius,Sulca
1326,,Cornelius,Sulla
1327,,Lutatius,Cerco
1328,,Popillius,Laenas
1329,,Atilius,(Serranus)
1331,,Cornelius,Scipio
1332,,Furius,Philus
1334,,Canuleius,(Dives)
1336,,Sulpicius,Galba
1337,,Veturius,Gracchus
1338,,Sempronius,Longus
1341,,Fabius,Buteo
1342,,Servilius,(Geminus)
1343,,Cornelius,Mammula
1344,,Caecilius,Denter
1346,,Appuleius,Saturninus
1353,,Iunius,Pennus
1354,,Licinius,Crassus
1358,,Marcius,Scilla
1359,,Marcius,Sermo
1362,,Cornelius,Lentulus
1363,,Cornelius,Lentulus
1366,,Domitius,Ahenobarbus
1367,,Caninius,Rebilus
1369,,Fulvius,Nobilior
1370,,Manlius,Acidinus
1374,,Licinius,Nerva
1377,,Cornelius,Cethegus
1378,,Fulvius,(Nobilior)
1379,,Marcius,Rex
1380,,Minucius,Rufus
1384,,Manlius,Torquatus
1387,,Iuventius,Thalna
1390,,Cornelius,Blasio
1392,,Caninius,Rebilus
1393,,Coelius,Antipater
1394,,Fonteius,Capito
1395,,Marcius,Figulus
1396,,Cornelius,Scipio
1398,,Voconius,Saxa
1399,,Numisius,Tarquiniensis
1403,,Marcius,Philippus
1404,,Annius,Luscus
1405,,Decius,Subolo
1406,,Postumius,Albinus
1407,,Aebutius,Helva
1408,,Anicius,Gallus
1409,,Baebius,Tamphilus
1410,,Fonteius,Balbus
1411,,Papirius,Carbo
1413,,Manlius,(Acidinus)
1415,,Cornelius,Scipio
1417,,Sulpicius,Galba
1418,,Hostilius,(Tubulus)
1420,,Postumius,Albinus
1422,,Fabius,Maximus
1423,,Cornelius,Lentulus
1424,,Caecilius,Metellus
1425,,Licinius,Nerva
1429,,Aelius,Tubero
1433,,Porcius,Cato
1434,,Sergius,Silus
1436,,Sempronius,Musca
1437,,Naevius,Balbus
1438,,Appuleius,Saturninus
1439,,Cassius,Longinus
1440,,Claudius,Nero
1442,,Manlius,Torquatus
1446,,Terentius,Tuscivicanus
1448,,Iunius,(Brutus)
1449,,Quinctius,Flamininus
1452,,Claudius,Pulcher
1454,,Iulius,(Caesar)
1455,,Quinctilius,Varus
1456,,Rutilius,Calvus
1457,,Cornelius,Dolabella
1460,,Valerius,Messalla
1461,,Fannius,Strabo
1465,,Cornelius,Lentulus
1466,,Valerius,Flaccus
1468,,Aurelius,Orestes
1469,,Cornelius,Merula
1470,,Servilius,Glaucia
1471,,Aemilius,Lepidus
1472,,Cornelius,Merula
1474,,Cornelius,Lentulus
1475,,Marcius,Censorinus
1481,,Claudius,Centho
1483,,Calpurnius,Piso
1484,,Licinius,Lucullus
1485,,Aurelius,Cotta
1486,,Terentius,Varro
1492,,Valerius,Flaccus
1494,,Acilius,Balbus
1495,,Mummius,Achaicus
1499,,Atilius,(Serranus)
1500,,Licinius,Crassus
1502,,Postumius,Albinus
1503,,Hostilius,Mancinus
1504,,Cornelius,Scipio
1506,,Cornelius,Scipio
1507,,Iuventius,Thalna
1508,,Hostilius,Mancinus
1510,,Calpurnius,Piso
1511,,Scribonius,Libo
1513,,Cornelius,Scipio
1515,,Manlius,Vulso
1519,,Livius,Drusus
1520,,Licinius,Murena
1521,,Sempronius,Tuditanus
1524,,Laelius,Sapiens
1525,,Sempronius,Gracchus
1529,,Claudius,Unimanus
1531,,Plautius,(Hypsaeus)
1533,,Iunius,Brutus
1534,,Iunius,(Silanus)
1537,,Terentius,Varro
1538,,Papirius,(Carbo)
1543,,Iunius,Silanus
1544,,Caecilius,Metellus
1545,,Fabius,Maximus
1547,,Licinius,Crassus
1548,,Sempronius,Tuditanus
1550,,Marcius,Rex
1552,,Servilius,Caepio
1553,,Aemilius,Lepidus
1554,,Licinius,Nerva
1556,,Servilius,Caepio
1558,,Tremellius,Scrofa
1559,,Occius,Achilles
1561,,Calpurnius,Piso
1562,,Hostilius,Tubulus
1563,,Popillius,Laenas
1565,,Iunius,Brutus
1566,,Iunius,Silanus
1567,,Mucius,Scaevola
1568,,Cornelius,Lentulus
1569,,Hostilius,Mancinus
1570,,Claudius,Asellus
1572,,Atilius,Serranus
1573,,Furius,Philus
1574,,Plautius,Hypsaeus
1575,,Calpurnius,Piso
1576,,Fulvius,Flaccus
1579,,Claudius,(Marcellus)
1581,,Fulvius,Flaccus
1582,,Antius,Briso
1583,,Cassius,Longinus
1590,,Popillius,Laenas
1594,,Fabius,Maximus
1596,,Rutilius,Rufus
1597,,Sempronius,Asellio
1598,,Sempronius,Gracchus
1599,,Claudius,Pulcher
1601,,Popillius,Laenas
1603,,Lucretius,Vespillo
1613,,Mucius,Scaevola
1615,,Fabius,Maximus
1616,,Annius,Rufus
1618,,Atinius,Labeo
1620,,Cornelius,Cinna
1621,,Marcius,Figulus
1622,,Aelius,Tubero
1623,,Papirius,Carbo
1624,,Fulvius,Flaccus
1626,,Aemilius,Lepidus
1627,,Aurelius,Orestes
1628,,(Latinius),Pandusa
1629,,Servilius,Caepio
1630,,Domitius,Ahenobarbus
1631,,Cornelius,Lentulus
1632,,Plautius,Hypsaeus
1633,,Cassius,Longinus
1634,,Sextius,Calvinus
1635,,Caecilius,Metellus
1636,,Quinctius,Flamininus
1637,,Licinius,Crassus
1638,,Iunius,Pennus
1642,,Iulius,Caesar
1645,,Aemilius,Scaurus
1648,,Aurelius,Cotta
1649,,Caecilius,Metellus
1650,,Acilius,Glabrio
1651,,Livius,Drusus
1652,,Marcius,Censorinus
1655,,Marcius,Rex
1656,,Porcius,Cato
1657,,Scribonius,Curio
1662,,Sulpicius,Galba
1663,,Calpurnius,Bestia
1665,,Caecilius,Metellus
1666,,Decius,Subolo
1669,,Atilius,Nomentanus
1674,,Licinius,Geta
1677,,Caecilius,Metellus
1678,,Cornelius,Sisenna
1679,,Licinius,Crassus
1680,,Acilius,Balbus
1682,,Porcius,Cato
1683,,Aurelius,Scaurus
1686,,Minucius,Rufus
1687,,Minucius,Rufus
1689,,Papirius,Carbo
1692,,Mucius,Scaevola
1693,,Caecilius,Metellus
1695,,Cornelius,Scipio
1696,,Papirius,Carbo
1697,,-,Aarcellus (or Marcellus)
1701,,Caecilius,Metellus
1703,,Postumius,Albinus
1712,,Calpurnius,Piso
1713,,Calpurnius,Piso
1715,,Cassius,Longinus
1718,,Sulpicius,Galba
1720,,Licinius,Nerva
1725,,Licinius,Lucullus
1726,,Fabius,Labeo
1728,,Postumius,Albinus
1730,,Atilius,Serranus
1731,,Lutatius,Catulus
1732,,Cornelius,Scipio
1733,,Mamilius,Limetanus
1734,,Servilius,Glaucia
1735,,Turpilius,Silanus
1739,,Mallius,Maximus
1740,,Annius,(Luscus)
1743,,Flavius,Fimbria
1744,,Coelius,Caldus
1745,,Manlius,Mancinus
1746,,Cornelius,Sulla
1748,,Popillius,Laenas
1749,,Aurelius,Orestes
1753,,Claudius,Pulcher
1754,,Octavius,Ruso
1755,,Servilius,Caepio
1756,,Livius,Drusus
1759,,Licinius,Lucullus
1760,,Licinius,Nerva
1762,,Cassius,Longinus
1763,,Domitius,Ahenobarbus
1764,,Marcius,Philippus
1766,,Appuleius,Saturninus
1767,,Pompeius,Strabo
1771,,-,Glaucia
1774,,Aurelius,Cotta
1775,,Baebius,(Tamphilus)
1777,,Norbanus,(Balbus)
1779,,Servilius,(Vatia)
1780,,Licinius,Crassus
1782,,(Veturius) or (Publilius),Philo
1783,,Aemilius,Scaurus
1784,,Claudius,Marcellus
1785,,(Lucilius),Hirrus
1787,,Caecilius,Metellus
1788,,Licinius,Murena
1791,,Cornelius,Dolabella
1792,,Cornelius,Lentulus
1794,,Cornelius,Lentulus
1795,,Calpurnius,Piso
1796,,Servilius,Caepio
1797,,Calpurnius,Piso
1798,,Iulius,Caesar
1799,,Iulius,Caesar
1800,,Postumius,Albinus
1801,,Cassius,Longinus
1802,,Valerius,Flaccus
1805,,Pompeius,Rufus
1806,,Porcius,Cato
1807,,Claudius,Pulcher
1811,,Appuleius,Decianus
1814,,Servilius,Vatia
1815,,Valerius,Flaccus
1816,,Domitius,Ahenobarbus
1820,,Sempronius,Asellio
1821,,Valerius,Flaccus
1822,,Gellius,Poplicola
1824,,Sempronius,Longus
1825,,Iulius,Caesar
1828,,Iulius,Caesar
1829,,Sentius,(Saturninus)
1831,,Porcius,Cato
1832,,-,Aesillas
1833,,Manlius,Torquatus
1834,,Sergius,Silus
1835,,Papirius,Carbo
1836,,Cornelius,Scipio
1837,,Rutilius,Lupus
1839,,Braitius,Sura
1841,,Porcius,Cato
1842,,Sextius,Calvinus
1843,,Papirius,Carbo
1850,,Sulpicius,Galba
1851,,Claudius,Marcellus
1861,,Decidius,Rufus
1863,,Egnatius,Rufus
1865,,Aemilius,Lepidus
1866,,Aurelius,Cotta
1869,,Caecilius,Cornutus
1871,,Cornelius,Cinna
1872,,Cornelius,Merula
1875,,Caecilius,Metellus
1876,,Scribonius,Curio
1877,,Varius,Severus
1878,,Lutatius,Cerco
1882,,Cornelius,Scipio
1883,,Cornelius,Lentulus
1886,,Sulpicius,(Rufus)
1887,,Valerius,Messalla
1888,,Valerius,Messalla
1889,,Caecilius,Metellus
1894,,Sempronius,Asellio
1895,,Sextilius,Rufus
1896,,Calpurnius,Piso
1900,,Plautius,Silvanus
1901,,Minucius,Thermus
1902,,Hortensius,Hortalus
1903,,Licinius,Lucullus
1908,,Annius,Luscus or Rufus
1909,,Aurelius,Scaurus
1911,,Pompeius ,(Longinus)
1917,,Manlius,Maltinus
1922,,-,Lucanus
1929,,Iunius,Brutus
1930,,Licinius,Murena
1934,,Minucius,Basilus
1936,,Minucius,Rufus
1940,,Marius,Gratidianus
1946,,Flavius,Fimbria
1947,,Marcius,Censorinus
1949,,Lutatius,Catulus
1952,,Munatius,(Plancus)
1956,,Coelius,Caldus
1957,,Iulius,Caesar
1959,,Popillius,Laenas
1963,,Terentius,Varro
1964,,Fabius,Hadrianus
1966,,Iunius,Silanus
1969,,Antonius,Hybrida
1973,,Iunius,Brutus
1974,,Pupius,Piso
1976,,Pompeius,Magnus
1979,,Cornelius,Dolabella
1980,,Iunius,Brutus
1981,,Licinius,Crassus
1982,,Terentius,Varro
1984,,Antonius,Balbus
1986,,Perperna,Veiento
1987,,Furius,Crassipes
1989,,Valerius,Soranus
1990,,Cornelius,Lentulus
1991,,Domitius,Ahenobarbus
1992,,Valerius,Flaccus
1993,,Aemilius,Lepidus
1995,,Coelius,Antipater
1996,,Flavius,Fimbria
1998,,Sergius,Catilina
2001,,Terentius,Varro
2002,,(Octavius),Balbus
2003,,Lucretius,Afella (or Ofella)
2005,,Tullius,Decula
2006,,Claudius,Nero
2007,,Cornelius,Dolabella
2009,,Minucius,Thermus
2010,,Nonius,Suffenas
2011,,Papirius,Carbo
2012,,Cornelius,Lentulus
2013,,Fabius,Hispaniensis
2018,,Livius,Salinator
2021,,Claudius,Marcellus
2022,,Domitius,Calvinus
2023,,Iunius,Brutus
2025,,Publicius,Malleolus
2026,,Aurelius,Cotta
2027,,Visellius,Varro
2028,,Cornelius,Sulla
2032,,Aufidius,Orestes
2034,,Thorius,Balbus
2035,,Cornelius,Sisenna
2037,,Terentius,Varro
2038,,Aemilius,Lepidus
2040,,Caecilius,Metellus
2044,,Iulius,Caesar
2045,,Aelius,Paetus
2048,,Cornelius,Scipio
2050,,Cassius,Longinus
2051,,Iunius,Iuncus
2057,,Octavius,Graecinus
2058,,Tarquitius,Priscus
2062,,Claudius,Pulcher
2064,,Cornelius,Lentulus
2067,,Licinius,Sacerdos
2070,,Autronius,Paetus
2071,,Cornelius,Lentulus
2072,,Tullius,Cicero
2075,,Pompeius,Bithynicus
2076,,Titurius,Sabinus
2077,,Antonius,Creticus
2078,,Caecilius,Metellus
2082,,Cornelius,Lentulus
2085,,Licinius,Murena
2087,,Plaetorius,Cestianus
2088,,Sulpicius,Rufus
2092,,Annius,Bellienus
2096,,Rutilius,Nudus
2097,,Salluvius,Naso
2099,,Claudius,Glaber
2103,,Licinius,Macer
2107,,Valerius,Messalla
2111,,-,Barba
2117,,Valerius,Triarius
2119,,Acilius,Glabrio
2120,,Iunius,Silanus
2127,,Annaeus,(Brocchus)
2131,,Minucius,Thermus
2132,,Publicius,Scaeva
2137,,Caecilius,Niger
2140,,Claudius,Pulcher
2141,,Fabius,Hadrianus
2150,,Caecilius,Metellus
2151,,Marcius,Rex
2152,,Curtius,(Postumus)
2156,,Curtius,Postumus
2157,,Tremellius,Scrofa
2160,,Marcius,Rufus
2162,,Antistius,Vetus
2163,,Aurelius,Cotta
2164,,Calpurnius,Piso
2165,,Manlius,Torquatus
2168,,Calpurnius,Piso
2169,,Plaetorius,Cestianus
2173,,Marcius,Censorinus
2175,,Caecilius,Metellus
2176,,Cornelius,Dolabella
2177,,Lollius,Palicanus
2178,,Volcacius,Tullus
2179,,Sulpicius,Galba
2182,,Sulpicius,Rufus
2191,,Mucius,Scaevola
2192,,Quinctilius,(Varus)
2196,,Cornelius,Lentulus
2198,,Manlius,Torquatus
2203,,Servilius,Vatia
2205,,Manlius,Torquatus
2208,,Antius,(Restio)
2211,,Hostilius,(Dasianus)
2216,,Tullius,Cicero
2219,,Clodius,Pulcher
2226,,Marcius,Figulus
2227,,Minucius,Thermus
2231,,Voconius,Naso
2235,,Papirius,Carbo
2236,,Roscius,Otho
2237,,Servilius,Globulus
2241,,Porcius,Cato
2244,,(Lucilius or Lucius),Bassus
2247,,Caecilius,Metellus
2248,,Claudius,Nero
2250,,Manlius,Torquatus
2253,,Pompeius,Magnus
2254,,Pompeius,Magnus
2256,,Aquillius,Gallus
2257,,Cassius,Longinus
2259,,(Sulpicius),Galba
2260,,Manilius,(Crispus)
2262,,Aemilius,Scaurus
2263,,Caecilius,Rufus
2264,,Domitius,Ahenobarbus
2265,,Plautius,Hypsaeus
2267,,Vergilius,Balbus
2268,,Marcius,Libo
2270,,Attius,Celsus
2272,,Calpurnius,Bibulus
2274,,Calpurnius,Piso
2275,,Manlius,Priscus
2282,,Mucius,Orestinus
2287,,Pompeius,Rufus
2290,,Cornelius,Lentulus
2291,,Ampius,Balbus
2292,,Labienus,'Rabienus'
2293,,Servilius,Rullus
2294,,Atilius,Serranus
2295,,Fadius,Gallus
2300,,Cornelius,Sulla
2301,,Licinius,Murena
2303,,Marcius,Philippus
2305,,Calpurnius,Bestia
2308,,Iuventius,Laterensis
2310,,Novius,Niger
2313,,Domitius,Calvinus
2314,,Manlius,Lentinus
2316,,Sulpicius,Galba
2318,,Appuleius,Saturninus
2319,,Aufidius,Lurco
2320,,Caecilius,Cornutus
2321,,Fufius,Calenus
2325,,Aelius,Tubero
2328,,Licinius,Crassus
2329,,Atius,Balbus
2330,,(Cornelius?),Culleolus
2331,,Licinius,Crassus
2334,,Numerius,Rufus
2338,,Cornelius,Lentulus
2341,,Aemilius,Lepidus
2344,,Vettius,Sabinus
2346,,Alfius,Flavus
2347,,Caecilius,Metellus
2349,,Nigidius,Figulus
2350,,Aemilius,(Lepidus)
2356,,Cornelius,Lentulus
2357,,Fabius,Hadrianus
2358,,Villius,Annalis
2359,,Considius,Longus
2360,,Silius,(Nerva)
2361,,Aelius,Ligus
2363,,Ninnius,Quadratus
2364,,Novius,(Niger)
2365,,Terentius,Culleo
2366,,Calpurnius,Piso
2368,,Valerius,Procillus
2369,,Aurunculeius,Cotta
2371,,Titurius,Sabinus
2372,,Licinius,Crassus
2373,,Pinarius,Natta
2374,,Iulius,Caesar
2376,,Quinctilius,Varus
2377,,Septimius,T. f.
2379,,Fabius,Maximus
2381,,Annius,Milo
2389,,Marcius,Crispus
2391,,-,Servianus
2394,,Cornelius,Lentulus
2396,,Claudius,Marcellus
2397,,Claudius,Marcellus
2398,,Claudius,Marcellus
2401,,Caninius,Gallus
2403,,Nonius,Sufenas
2404,,Porcius,Cato
2405,,Procilius,F(ilius)
2407,,Rutilius,Lupus
2408,,Coelius,Vinicianus
2409,,Valerius,Orca
2413,,Trebius,Gallus
2416,,Cornelius,Lentulus
2417,,Caelius,Rufus
2418,,Herennius,Balbus
2419,,-,Gutta
2420,,Nonius,Struma
2421,,Aquillius,Gallus
2422,,Ateius,Capito
2424,,Roscius,Fabatus
2429,,Sallustius,Crispus
2430,,Sulpicius,Rufus
2433,,Servilius,Isauricus
2434,,Aurelius,Cotta
2435,,Considius,Nonianus
2438,,Laelius,Balbus
2440,,Mucius,Scaevola
2443,,Scribonius,Curio
2444,,Sestius,Pansa
2445,,Curtius,Postumus
2446,,Laberius,Durus
2450,,Munatius,Plancus
2455,,Attius,Varus
2456,,Licinius,Crassus Iunianus Damasippus
2457,,Lucilius,Hirrus
2458,,Cassius,Longinus
2459,,Iunius,Brutus
2461,,Antistius,Reginus
2462,,Fabius,Vergilianus
2463,,Iunius,Silanus
2464,,(Marcius),Censorinus
2466,,Minucius,Basilus
2474,,Volcacius,Tullus
2476,,Manilius,Cumanus
2477,,Munatius,Plancus
2478,,Pompeius,Rufus
2479,,Ateius,Capito
2480,,Caecilius,Metellus
2481,,Cassius,Longinus
2486,,Caninius,Rebilus
2487,,Sempronius,Rutilius
2488,,Valerius,Flaccus
2489,,Iunius,Brutus
2491,,Volusenus,Quadratus
2495,,Vibius,Pansa
2498,,Furfanius,Postumus
2499,,Furius,Crassipes
2500,,Mescinius,Rufus
2501,,Fufidius,(step)
2510,,Atius,Varus
2512,,(Paconius?),Lepta
2515,,Cornelius,Dolabella
2518,,Scribonius,Libo
2519,,Titius,Rufus
2520,,Livius,Drusus
2523,,Antonius,Pietas
2524,,Coelius,Caldus
2528,,(Fabricius or Perperna?),Veiento
2534,,Marcius,Philippus
2536,,Valerius,Messalla
2538,,Aurelius,Cotta
2540,,Marcius,Rufus
2542,,Quinctilius,Varus
2543,,Calpurnius,Piso
2544,,(Terentius),Varro
2547,,Servilius,Brocchus
2549,,Vulteius,Capito
2550,,Cornelius,Balbus
2553,,Asinius,Pollio
2554,,Hortensius,Hortalus
2555,,Attius,Paelignus
2557,,Flaminius,Flamma
2559,,Iulius,Caesar
2560,,Lucretius,Vespillo
2563,,Tullius,Cicero
2564,,Valerius,Triarius
2566,,Vibullius,Rufus
2567,,Marcius,Philippus
2568,,Rabirius (Curtius),Postumus
2570,,Claudius,Marcellus
2571,,Claudius,Nero
2572,,Cornelius,Lentulus
2575,,Cassius,Longinus
2576,,Titius,Hispanus
2580,,Postumius,Albinus
2581,,Terentius,Varro
2583,,Acilius,Caninus
2584,,Calvisius,Sabinus
2588,,Staius,Murcus
2589,,Tillius,Cimber
2595,,Pompeius,Theophanes
2597,,Iulius,Caesar
2598,,Nonius,Asprenas
2600,,Iulius,(Caesar)
2601,,Pomponius,Victor
2602,,Sextilius,Rufus
2609,,Volcacius,Tullus
2610,,Granius,Petro
2611,,Terentius,Varro
2613,,Minatius,Sabinus
2617,,Titius,Hispanus
2620,,Hostilius,Saserna
2621,,Hostilius,Saserna
2625,,-,Aquila
2626,,Cispius,Laevus
2629,,Livineius,Regulus
2630,,Minucius,Reginus
2632,,Tullius,Cicero
2633,,Pompeius,Bithynicus
2634,,Tillius,Cimber
2635,,Aelius,Lamia
2637,,Pontius,Aquila
2638,,Ventidius,Bassus
2640,,Antistius,Vetus
2652,,Clodius,Arquitius
2653,,Munatius,Flaccus
2654,,Vibius,Paciacus (or Pacciaecus)
2659,,Annius,Cimber
2661,,Pupius,Piso
2663,,Cornelius,Cinna
2664,,Cornelius,Lentulus
2667,,-,Naso
2671,,Trebellius,(Fides)
2675,,Varius,Cotyla
2676,,Caesetius,Flavus
2679,,Decidius,Saxa
2680,,Epidius,Marullus
2681,,Helvius,Cinna
2684,,Hostilius,Saserna
2685,,Nonius,Asprenas
2686,,(Servilius),Casca
2687,,Flaminius,Chilo
2689,,Cornelius,Cinna
2697,,Octavius,Marsus
2699,,Domitius,Ahenobarbus
2701,,Caesennius,Lento
2703,,(Numisius),Nucula
2705,,-,Cafo
2708,,Aquillius,Crassus
2709,,Caecilius,Cornutus
2711,,Marcius,Censorinus
2712,,Minucius,Rufus
2713,,Norbanus,Flaccus
2714,,Rupilius,Rex
2720,,Servilius,Casca
2723,,Cassius,Parmensis
2725,,Manlius,Torquatus
2726,,Aemilius,Lepidus
2729,,Sestius,Quirinalis
2730,,Catius,Vestinus
2731,,Horatius,Flaccus
2732,,Popillius,Laenas
2736,,-,Nerva
2737,,Volumnius,Flaccus
2739,,Calpurnius,Bibulus
2740,,Calpurnius,Piso
2741,,Canidius,Crassus
2742,,Cassius,Longinus
2744,,Flavius,Hemicillus
2747,,Iunius,Silanus
2749,,Lollius,Paullinus
2751,,(Pedanius),Costa
2754,,Porcius,Cato
2758,,Valerius,Messalla
2762,,Marcius,Figulus
2763,,Sextilius,Rufus
2765,,Volumnius,Eutrapelus
2766,,Alfenus,Varus
2767,,Cocceius,Balbus
2768,,Villius,Annalis
2769,,Clodius,Bithynicus
2770,,Hostilius,Tullus
2773,,Plaetorius,Cestianus
2775,,Laelius,Balbus
2777,,Labienus,Parthicus
2778,,Antistius,Labeo
2781,,Cornelius,Lentulus
2782,,Fannius,(Caepio?)
2783,,Manlius,Torquatus
2786,,Paquius,Rufus
2788,,Salvidienus,Rufus
2794,,-,Helix
2795,,Pinarius,Scarpus
2796,,-,Varus
2800,,Barbatius,Pollio
2801,,Decidius,Saxa
2802,,Gellius,Poplicola
2806,,Cocceius,Nerva
2807,,Fuficius,Fango
2808,,Vipsanius,Agrippa
2815,,Tisienus (or Titisienus),Gallus
2816,,Cornelius,Gallus
2817,,Curtius,Salassus
2819,,Cornelius,Balbus
2821,,Caninius,Gallus
2822,,Statilius,Taurus
2823,,Sempronius,Atratinus
2829,,Iulius,Helenus
2831,,Pompeius,Menecrates
2832,,Pompeius,Menodorus
2835,,Servilius,Rullus
2841,,Pompaedius (or Poppaedius) ,Silo
2843,,Iulius,Demetrius
2848,,Vibius,Maximus
2849,,Atius,Balbus
2853,,Pompeius,Apollophanes
2854,,Pompeius,Demochares
2860,,Licinius,Crassus
2861,,Fonteius,Capito
2863,,Cocceius,Nerva
2867,,Claudius,Pulcher
2869,,Oppius,Capito
2870,,Flavius,Gallus
2874,,Oppius,Statianus
2875,,Plinius,Rufus
2881,,Marius,Siculus
2882,,Mindius,Marcellus
2888,,Fufius,Geminus
2889,,-,Hiero
2890,,Lollius,Palicanus
2895,,Aemilius,Lepidus
2898,,Asinius,Marrucinus
2905,,Autronius,Paetus
2906,,Flavius,-
2907,,Acilius,Glabrio
2911,,Herennius,Picens
2912,,Cornelius,(Cinna)
2913,,Valerius,Messalla
2914,,Valerius,Messalla
2915,,Nonius,Balbus
2923,,Plautius,Rufus
2924,,Tarius,Rufus
2929,,Iunius,Silanus
2930,,Terentius,Varro
2931,,Aemilius,Lepidus
2933,,Licinius,Calvus
2934,,Mucius,Scaevola
2941,,Appuleius,Tappo
2942,,Aelius,Tubero
2943,,Aelius,Tubero
2946,,Cordius,Rufus
2947,,Cestius,Epulo
2949,,Caecilius,Metellus
2951,,(Calpurnius),Piso
2952,,Claudius,Pulcher
2956,,Genucius,Cipus
2957,,Domitius,Calvinus
2958,,Furius,Crassipes
2959,,Fabius,Labeo
2960,,Fabius,Senator
2961,,Cornelius,Gallus
2963,,Iulius,Mocilla
2965,,Livius,Ocella or Pella
2967,,(Manlius),Torquatus
2970,,Plautius,Hypsaeus
2971,,Sulpicius,Galba
2972,,Sempronius,Rufus
2973,,Servilius,Vatia
2978,,Uttiedius,Afer
2985,,Barronius,Barba
2992,,Pompeius,Rufus
2994,,#NAME?,Flaccus
2997,,Coelius,Latiniensis
3029,,Porcius,(Laeca)
3034,,Sentius,Saturninus
3035,,Acilius,Caninus
3040,,Ap(puleius),Dec(ianus)
3044,,Atinius,Turannus (or Tyrannus)
3045,,Caecilius,Metellus
3047,,Aquillius,Florus
3049,,Hedius,Thorus
3050,,Livius,Ocella
3051,,Herennius,Rufus
3052,,Sempronius,Gracchus
3055,,Tubitanus,Pavus
3061,,Voconius,Vitulus
3062,,Tullius,Rufus
3063,,Vibius,Temudinus
3066,,(Claudius),Mar(cellus)
3068,,(Publicius),Mall(eolus)
3080,,Scribonius,Libo
3087,,Allius,Bala
3093,,P-,N-
3094,,Arruntanus,Balbus
3096,,(Furius),Crassipes
3097,,Clodius,Vestalis
3098,,Cornelius,Lentulus
3103,,(Scribonius),Libo
3104,,(Sempronius),(Rutilus)
3113,,Valerius,Praeconinus
3115,,(Marcius),Rex
3116,,#NAME?,Balbus
3120,,Lucilius,(Hirrus?)
3127,,Coelius,Caldus
3129,,Coelius,Caldus
3133,,Cornelius,Scipio
3140,,Annius,Chilo
3150,,Caecilius,Bucilianus
3153,,Atilius,Bulbus
3154,,(Appuleius),Saturninus
3161,,Caulius,Mergus
3164,,Cornelius,Sulla
3165,,Cornelius,Cethegus
3166,,Cornelius,Cethegus
3168,,Cornelius,(Cethegus?)
3173,,Domitius,(Ahenobarbus)
3176,,Egnatius,Maximus
3177,,Cornelius,Sulla
3178,,Fabius,Sanga
3179,,Egnatius,(Maximus?)
3184,,-,Gallus
3193,,Fidiculanius,Falcula
3196,,-,Gutta
3200,,Lutatius,Cerco
3201,,Iulius,Caesar
3203,,Licinius,Bucco
3205,,Iuventius,Pedo
3207,,Lucilius,(Rufus?)
3211,,Luscius,Ocrea
3217,,Manlius,Torquatus
3218,,Octavius,Ligus
3226,,Popillius,Laenas
3230,,Oppius,Cornicinus
3231,,Plautius,Numida
3232,,Plaetorius,Rustianus (or Cestianus)
3238,,Popillius,Laenas
3239,,Porcius,(Laeca)
3243,,Quintius,Plancinus
3244,,Porcius,Laeca
3246,,Popillius,Laenas
3254,,Septimius,Scaevola
3256,,Rutilius,Flaccus
3258,,Sentius,Saturninus
3262,,Silicius,Corona
3263,,Tuticanus,Gallus
3267,,Statius,'the Samnite'
3268,,Velleius,Capito
3276,,-,Pallacinus
3279,,Volcacius,Gurges
3284,,Vibius,Pansa
3285,,Verginius,Tricostus
3291,,(Quinctius),Crispinus
3292,,Aelius,Capito
3294,,Canini,Sallustius
3295,,Porcius,Laeca
3297,,Acilius,(Balbus)
3300,,Aeficius,Calvinus
3302,,(Aelius),Marullinus
3304,,Aelius,Tubero
3307,,-,Balbus
3308,,Barbarius,Philippus
3312,,Aufi(dius),Scaeva
3317,,Alf(ius) or Alf(enus),Primus
3325,,Annius,Asellus
3328,,Aquillius,Florus
3329,,Aquillius,(Florus?)
3330,,Articuleius,Paetus
3331,,Aemilius,Lepidus
3334,,Aurelius,Cotta or Orestes
3335,,Caecilius,Atticus
3338,,Caelius,Rufus
3339,,Caesetius,Rufus
3343,,Calpurnius,Lanarius
3349,,Livius,Drusus 
3351,,(Baebius),Herennius
3352,,Cornelius,Merenda
3355,,Quinctius,Claudus
3356,,Acilius,(Sapiens)
3363,,Cornelius,Lentulus
3366,,Livius or Oppius,Salinator
3369,,Porcius,Cato
3372,,Tremellius,Scrofa
3382,,Marcius,Philippus
3383,,Cornelius,Dolabella 
3384,,Sentius,(Saturninus)
3388,,Cornelius,Cethegus
3391,,Postumius,Albinus
3397,,(Cornelius),Scipio
3401,,Tremellius,Scrofa
3402,,Curtius,Peducaeanus
3403,,Livineius,Regulus
3412,,(Cornelius),Sulla
3416,,Quinctius,Rufus
3418,,Furius,Leptinus
3421,,Caecilius,Metellus
3423,,-,Cap(-)
3424,,Cassius,Barba
3425,,Cassius,Sabaco
3426,,-,Cillo (or Chilo?)
3427,,Claudius (or Clodius),Glaber
3428,,Claudius,Nero
3429,,Claudius,Nero or Asellus
3430,,Claudius,Pulcher
3431,,Clusius,Gallus
3437,,#NAME?,Longinus
3443,,Curtius,(Salassus)
3445,,Curtius,Postumus
3446,,Domitius,Apulus
3447,,Egnatius,Maximus
3448,,Egnatius,Vale(rianus)
3458,,Paquius,Scaeva
3462,,-,Mamurra
3469,,(Manlius),Acidinus
3470,,(Flavius?),Silva
3474,,Licinius,Nerva
3476,,Manlius,Ser[gianus]
3478,,Postumius,Albinus
3483,,Acilius or Naevius,Balbus
3484,,Cossutius,Maridianus
3485,,(Terentius),Varro
3486,,Aburius,Geminus
3488,,Allius,Bala
3490,,Antius,Restio
3491,,Minucius,Augurinus
3495,,Considius,Nonianus
3496,,Considius,Paetus
3497,,Curiatius,Trigeminus
3498,,Curiatius,Trigeminus
3499,,Fabius,Hadrianus
3501,,Hosidius,Geta
3504,,Publicius,Malleolus
3505,,Publicius,Malleolus
3506,,Mamilius,Limetanus
3507,,Marius,Capito
3509,,Naevius,Balbus
3512,,Numonius,Vaala
3518,,Servilius,Vatia
3520,,Sulpicius,Galba
3521,,(Iuventius),Thalna
3522,,Terentius,Lucanus
3524,,Valerius,Flaccus
3525,,Vibius,Varus
3526,,Vibius,Pansa
3527,,Cornelius,Cethegus
3528,,(Cornelius),Cinna
3529,,Cornelius,Blasio
3531,,Cornelius,Sisenna
3532,,Domitius,(Calvinus? Ahenobarbus?)
3534,,Lucretius,Trio
3538,,Iunius,Silanus
3543,,Aemilius,Buca
3544,,Pl[autius],H[ypsaeus]
3545,,Antestius,Gragulus
3547,,Axius,Naso
3550,,Cassius,Caecianus
3551,,Cassius,Longinus
3552,,Marcius,Censorinus
3554,,Cossutius,Sabula
3557,,Farsuleius,Mensor
3558,,Furius,Brocchus
3559,,Hostilius,Tubulus
3562,,Iulius,Bursio
3563,,Lucretius,Trio
3568,,Mussidius,Longus
3570,,Papius,Celsus
3571,,Marcius,Philippus
3572,,Pomponius,Molo
3574,,Porcius,Licinus
3576,,Rubrius,Dossenus
3580,,Sempronius,Pitio
3581,,Servius,Rufus
3584,,Valerius,Acisculus
3586,,Volumnius,Strabo
3587,,Iuventius,Laterensis
3589,,Aburius,Geminus
3592,,Arrius,Secundus
3593,,Atilius,Saranus
3594,,Aufidius,Rusticus
3595,,Aurelius,Cotta
3596,,Aurelius,Scaurus
3597,,Baebius,Tamphilus
3599,,Porcius,Cato
3603,,Furius,Philus
3604,,Lucilius,Rufus
3607,,Porcius,Laeca
3614,,(Caecilius),Metellus
3615,,Valerius,Messalla
3617,,Aemilius,Lepidus
3618,,Aquillius,Crassus
3622,,Fabius,Pictor
3623,,Pinarius,Natta
3628,,(Aelius),Paetus
3629,,Cornelius,Sulla
3630,,Accoleius,Lariscolus
3636,,Fonteius,Capito
3638,,Porcius,Laeca
3640,,Maenius,Ant[ias]
3642,,Vettius,Sabinus
3644,,Sepullius,Macer
3645,,Servilius,Rullus
3646,,(Aelius),Pae[tus]
3648,,Petillius,Capitolinus
3650,,(Furius),Purpurio
3651,,(Furius),Purpurio
3653,,Crepereius,Rocus
3656,,Marcius,Libo
3659,,(Marcius),Philippus
3660,,Pomponius,Musa
3661,,Pomponius,Rufus
3663,,Titius,(Mutto)
3665,,L(utatius),C(erco) or C(atulus)
3667,,-,Safra
3668,,(Atilius),Saranus
3669,,Cluvius,Saxula
3670,,Pinarius,Scarpus
3673,,-,Todus
3678,,(Iuventius),Thalna
3679,,(Baebius),Tamphilus
3681,,Minucius,Augurinus
3683,,(Papirius),Turdus
3694,,Fulvius,(Nobilior?)
3695,,Fulvius,Postumus
3696,,Fulvius,Sepinus
3697,,Furius,Leptinus
3703,,Helvius,Blasio
3704,,(Minucius),Basilus
3705,,Minucius,Thermus
3742,,Iulius,Saturninus
3744,,Iuventius,Laterensis
3752,,Nonius,Struma
3753,,Nunnuleius,Nudus
3756,,Calpurnius,Piso
3758,,Octavius,Balbus
3759,,Octavius,Balbus
3760,,(Octavius),Ligus
3765,,-,Cap-
3767,,Paccius,Balbus
3768,,Pacuius (Pacuvius?),Taurus
3769,,Papirius,Carbo
3770,,(Papirius),Masso
3771,,Papirius,Maso
3775,,Plautius (Plotius),Plancus
3777,,Pompeius,Longinus
3778,,Cluvius,Saxula
3780,,Cornelius,Lentulus
3781,,Cornelius,Lentulus
3782,,Cornelius,Scapula
3783,,Cornelius,Scipio
3785,,Cornelius,Sulla
3787,,Pomp-,Rufus
3790,,Popillius,Laenas
3792,,Postumius,AT or TA
3794,,(Postumius),Albinus
3795,,Licinius,Lenticulus (or Denticula)
3796,,Licinius,Regulus
3797,,Licinius,Sacerdos
3798,,Postumius,Albinus
3803,,Licinius,Stolo
3804,,(Li)cinius,Turannus
3805,,-,Licinus
3809,,Lusius,Nomentanus
3810,,Lucilius,Hirrus
3811,,Lucilius,Balbus
3812,,(Lucilius),Balbus
3814,,Lucilius,(Balbus?)
3822,,Pupius,Rufus
3823,,Quinctilius,Varus
3825,,Q(uinctius),(Flamininus)
3826,,Quin(c)tius,Scapula
3831,,Rubrius,Ruga
3837,,Licinius,Sacer(dos)
3838,,Saenius,(Balbinus)
3843,,Verginius,Tricostus
3847,,Varius,Sabinus
3849,,Valerius,Laevinus
3851,,Tanusius,Geminus
3853,,Terentius,Varro
3854,,Thorius,Flaccus
3865,,Fulvius,Flaccus
3866,,Pompeius,Rufus
3868,,Licinius,Crassus
3869,,Cornelius,Scipio
3875,,Servilius,Caepio
3888,,Munatius,Plancus
3899,,Lucretius,Vespillo
3904,,Antonius,Antyllus
3905,,Fufius,Calenus
3911,,Claudius,Marcellus
3913,,Aemilius,Lepidus
3916,,Fabius,Buteo
3917,,Servilius,Caepio
3918,,Licinius,Lucullus
3921,,Claudius,Pulcher
3922,,Clodius,Pulcher
3923,,Sempronius,Tuditanus
3930,,Valerius,Triarius
3935,,Aemilius,Scaurus
3936,,Fonteius,Capito
3938,,Cornelius,Lentulus
3950,,Claudius,Nero
3951,,Licinius,Macer
3955,,Licinius,Crassus
3959,,Servilius,Geminus
3965,,Pomponius,Atticus
3970,,Atilius,Serranus
3974,,Caninius,Satrius
3977,,Papirius,Paetus
3982,,Pontius,Titinianus
3983,,Gavius,Caepio
3985,,Pompeius,Theophanes
3987,,Cornelius,Dolabella
3989,,Cornelius,Lentulus
3990,,Aurelius,Cotta
3998,,Aelius,Gamala
4000,,Licinius,Crassus
4001,,Aemilius,Regillus
4006,,Tullius,Montanus
4013,,Roscius,Otho
4016,,Munatius,Plancus
4021,,Livius,Drusus
4025,,Claudius,Marcellus
4026,,Tullius,Cicero
4028,,Licinius,Crassus
4036,,Visellius,Aculeo
4037,,Sulpicius,Galus
4041,,Sempronius,Atratinus
4044,,Caelius,Rufus
4046,,Iunius,Brutus
4048,,Licinius,Crassus
4060,,Fadius,Gallus
4061,,Fadius,Gallus
4071,,Pilius,Celer
4073,,Valgius,Hippianus
4079,,Fadius,Gallus
4080,,Licinius,Lucullus
4081,,Tullius,Cicero
4082,,Tullius,Cicero
4084,,Appuleius,Decianus
4087,,Sextilius,Andro
4093,,Tullius,Cicero
4094,,Marius,Gratidianus
4101,,Iulius,Caesar
4103,,Terentius,Varro
4109,,Fulvius,Bambalio
4111,,Numitorius,Pullus
4112,,Fufius,Calenus
4113,,-,Lysidikos
4119,,Iuventius,Laterensis
4124,,Quinctius,Scapula
4128,,Roscius,Gallus
4134,,Publicius,Malleolus
4136,,Aelius,Lamia
4137,,Atilius,Serranus
4141,,Licinius,Crassus
4142,,Fabius,Maximus
4155,,Publicius,Malleolus
4157,,Vettius,Chilo
4162,,Antistius,Labeo
4163,,Pacuvius,Labeo
4167,,Cilnius,Maecenas
4169,,Sempronius,Gracchus
4171,,Licinius,Crassus
4176,,Scribonius,Curio
4181,,Cornelius,Cinna
4185,,Cornelius,Lentulus
4186,,Iulius,Caesar
4187,,Antonius,Helios
4193,,Salvidienus,Rufus
4194,,Claudius,Drusus
4195,,Domitius,Ahenobarbus
4196,,Cornelius,Sisenna
4198,,Aurelius,Cotta
4203,,Publicius,Malleolus
4208,,Clodius,Aesopus
4209,,Clodius,Aesopus
4211,,Iunius,Pera
4212,,Iunius,Brutus
4213,,Claudius,Asellus
4217,,Sempronius,Gracchus
4218,,Furius,Philus
4221,,Pacuvius,Calavius
4222,,Aemilius,Lepidus
4223,,Aemilius,Lepidus
4224,,Postumius,Pyrgensis
4225,,Quinctilius,Varus
4234,,Fabius,Buteo
4237,,Asinius,Saloninus
4238,,Asinius,Gallus
4240,,Sulpicius,Paterculus
4261,,Porcius,Cato
4263,,Atilius,Serranus
4265,,Sergius,(Catilina?)
4268,,Sempronius,Gracchus
4270,,Licinius,Crassus
4276,,Pompeius,Auletes
4281,,Cornelius,Sulla
4283,,Valerius,Messalla
4294,,Livius,Drusus
4297,,Iulius,Caesar
4298,,Octavius,Rufus
4310,,Aufidius,Lurco
4311,,Claudius,Pulcher
4314,,Statilius,Corvinus
4315,,Valerius,Messalla
4317,,Sulpicius,Galba
4321,,Claudius,Nero
4322,,Hortensius,Hortalus
4324,,Aemilius,Scaurus
4328,,Fabius,Maximus
4329,,Sallustius,Crispus
4330,,Quinctilius,Varus
4332,,Quinctilius,Varus
4333,,Cornelius,Dolabella
4335,,Cornelius,Lentulus
4336,,Calpurnius,Piso
4339,,Hortensius,Corbio
4346,,Octavius,Balbus
4348,,Nonius,Sufenas
4350,,Atilius,Calatinus
4355,,Valerius,Messalla
4356,,Aurelius,Cotta
4358,,Nonius,Quinctilianus
4361,,Antistius,Vetus
4363,,Sentius,Saturninus
4368,,Saufeius,Trebianus
4371,,Acutius,Rufus
4373,,Aeficius,Calvinus
4374,,Aelius,Gallus
4380,,Attius,Pisaurensis
4382,,Aufidius,Pontianus
4387,,Caecilius,Bassus
4400,,Cluentius,Habitus
4403,,Considius,Gallus
4413,,Egnatius,Rufus
4415,,Fabius,Maximus
4418,,Flavius,Pusio
4421,,Fufius,Cita
4422,,Fulvius,Nobilior
4425,,Furius,Flaccus
4427,,Gabinius,Capito
4428,,Gabinius,Capito
4429,,Gellius,(Poplicola)
4430,,Helvidius,Rufus
4431,,Herennius,Gallus
4432,,Iulius,Calidus
4433,,Iunius,Pisciculus
4435,,Laenius,Strabo
4436,,Laenius,Flaccus
4440,,Magius,Surus
4443,,Minucius,Reginus
4444,,Minucius,(Rufus)
4450,,Pompeius,Niger
4451,,Pontius,Aufidianus
4456,,Seius,Postumus
4461,,Sulpicius,Rufus
4462,,Terentius,Hispo
4463,,Titius,Strabo
4469,,Vibius,Capax
4473,,Otacilius,Naso
4477,,Tuticanus,Gallus
4478,,Salvius,Otho
4493,,Agrius,Publeianus
4495,,Antistius,Pyrgensis
4496,,Lutatius,Pinthia
4497,,Maecius,Varus
4501,,Carvilius,Pollio
4510,,Ovidius,Naso
4513,,Pontius,Lupus
4520,,Veturius,Barrus (or Varrus)
4526,,Orbilius,Pupillus
4528,,Sextius,(Niger)
4530,,Aelius,Stilo
4532,,Axius,(Naso)
4534,,Causinius,Schola
4537,,Trebatius,Testa
4538,,Valerius,Catullus
4543,,Porcius,Cato
4545,,Albius,Oppianicus
4546,,Aurius,Melinus
4548,,Cluentius,Habitus
4553,,-,Sacrativir
4554,,Statilius,(Taurus)
4565,,Turpio,(Sutorius)
4566,,Accius,Paelignus
4570,,Atilius,Glabrio
4577,,Papirius,Potamo
4578,,Planius,Heres
4579,,Pompeius,Trogus
4589,,Vibius,(Sicca)
4593,,Perperna,Quadra
4597,,Vettius,Salassus
4601,,Septimius,Sabinus
4604,,Sergius,Plautus
4605,,-,Casca
4606,,Servius,Cordus
4610,,Sulpicius,Rufus
4611,,Poetelius,Libo
4613,,Marcius,Coriolanus
4620,,Atilius,Serranus
4634,,Aemilius,Potensis
4635,,Aemilius,Lepidus
4644,,Cloelius,Siculus
4646,,Coelius,Etruscus
4647,,Coelius,Caldus
4649,,Cornelius,Scipio
4650,,Fabius,Pictor
4657,,Herennius,Siculus
4659,,Licinius,Sacerdos
4662,,Papirius,Maso
4665,,Papirius,Maso
4677,,Vinulleius,Lucullus
4684,,Cornelius,Lentulus
4685,,-,Rufus
4686,,Aquillius,Florus
4689,,Otacilius,Rufus
4695,,-,Arrianus
4696,,-,Arrianus
4701,,Vetulinus,Vetulinus
4702,,Vetulinus,Vetulinus
4706,,Aemilius,Lepidus
4707,,Aemilius,Lepidus
4709,,Aemilius,Lepidus
4711,,Aufidius,Orestes
4712,,Aemilius,Lepidus
4713,,Aemilius,Lepidus
4716,,Acilius,Glabrio
4721,,Ptolemaios,Philadelphos
4723,,Claudius,Marcellus
4726,,Aemilius,Paullus
4727,,Aemilius,Lepidus
4734,,Aemilius,Lepidus
4736,,Aemilius,Buca
4737,,Pythodoros,'of Tralles'
4739,,Cassius,Longinus
4741,,Domitius,Ahenobarbus
4743,,Aurelius,Cotta
4746,,Sulpicius,Quirinus
4755,,Livius,Aemilianus
4757,,Cornelius,Scipio
4763,,Cornelius,Marcellinus
4768,,Cornelius,Lentulus
4769,,Cornelius,Lentulus
4770,,Calpurnius,Piso
4771,,Calpurnius,Piso
4772,,Cornelius,(Balbus)
4777,,Cornelius,Balbus
4778,,Caninius,Gallus
4779,,Cornelius,Sulla
4784,,Sergius,Silus
4787,,Marcius,Philippus
4789,,Iulius,Caesar
4793,,Calpurnius,Piso
4794,,Licinius,Crassus
4802,,Claudius,Marcellus
4803,,Cornelius,Lentulus
4804,,Cornelius,Maluginensis
4805,,Claudius,Nero
4808,,Duillius,Longus
4809,,Fabius,Labeo
4811,,Fabius,Maximus
4813,,Fufius,Calenus
4816,,Fabius,Pictor
4817,,Hostilius,Mancinus
4818,,Iunius,Silanus
4819,,Iunius,Silanus
4821,,Iunius,Damasippus
4828,,Iulius,Caesar
4831,,Iulius,Caesar
4834,,Sempronius,Rutilus
4840,,Valerius,Messalla
4841,,Sallustius,Passienus
4847,,Aemilius,Avianianus
4857,,Nonius,Asprenas
4859,,Cornelius,Lentulus
4860,,Cornelius,Lentulus
4861,,Cornelius,Lentulus
4863,,Cornelius,Scipio
4864,,Cornelius,Scipio
4866,,Cornelius,Scipio
4872,,Postumius,Albinus
4873,,Valerius,Laevinus
4875,,Licinius,Crassus
4877,,Licinius,Crassus
4878,,Manlius,Torquatus
4879,,Marcius,Figulus
4881,,Rutilius,Rufus
4885,,Manlius,Torquatus
4886,,Valerius,Flaccus
4887,,Marcius,Censorinus
4889,,Licinius,Crassus
4890,,Sempronius,Gracchus
4893,,Marcius,Rex
4895,,Marcius,Figulus
4904,,Valerius,Flaccus
4905,,Sentius,Saturninus
4908,,Valerius,Messalla
4910,,Licinius,Murena
4912,,Marcius,Censorinus
4917,,Papirius,Carbo
4921,,Marcius,Rex
4927,,Manlius,Torquatus
4929,,Villius,Annalis
4932,,Servilius,Vatia
4936,,Sulpicius,Camerinus
4937,,Pompeius,Stephanephor
4941,,Licinius,Crassus
4942,,Marcius,Censorinus
4943,,Manlius,Torquatus
4954,,Manlius,Capitolinus
4957,,Verginius,Tricostus
4960,,Octavius,Balbus
4961,,Quinctius,Flamininus
4969,,Terentius,Varro
4971,,Servilius,Vatia
4972,,Statilius,Taurus
4973,,Statilius,Corvinus
4974,,Statilius,Taurus
4984,,Pompeius,Trogus
4985,,Manlius,Torquatus
4989,,Papirius,Cursor
4992,,Livius,Drusus
4993,,Papirius,Maso
4995,,Sulpicius,Galba
4997,,Valerius,Falto
5002,,Papirius,Maso
5003,,Licinius,Crassus
5004,,Porcius,Licinus
5007,,Sempronius,Gracchus
5008,,Valerius,Messalla
5010,,Iulius,Caesar
5011,,Livius,Ocella
5041,,-,Hegeas
5044,,Carvilius,Spoletinus
5046,,Licinius,Lucullus
5048,,-,Dumnorix
5049,,-,Cotus
5050,,-,Vertiscus
5051,,-,Sabinus
5054,,Claudius,Sardus
5055,,Iulius,Papius
5058,,Satanus,Sabinus
5059,,Munatius,Rufus
5063,,Cestius,Primus
5068,,-,Maximus
5069,,Aclutius,Gallus
5071,,Sergius,Lepidus
5074,,Vibius,Pansa
5090,,Ampius,Menander
5091,,Servilius,Strabo
5092,,Paccius,Capito
5093,,Furius,Tertius
5094,,Ampius,Menas
5100,,Papius,Mutilus
5104,,-,Gutta
5108,,Aemilius,(Lepidus or Scaurus)
5116,,Caninius,Rebilus
5124,,Pompeius,Varus
5126,,Sextius,Naso
5127,,Terentius,Varro
5131,,Cornelius,Phagites
5132,,-,Largus
5142,,Sittius,Calenus
5146,,Decidius,'the Samnite'
5148,,Urbinius,Panapio
5150,,Aurius,(Melinus)
5158,,Ateius,Capito
5160,,Alexander,Helios
5162,,(Manlius),Acidinus
5163,,(Decimius),Flavus
5166,,(Calpurnius),Bestia
5167,,Cispius,(Laevus)
5169,,Cornelius,Cossus
5170,,Papirius,Maso
5172,,Cornelius,Scipio
5174,,-,Athamas
5175,,-,Autobulus
5176,,Abuttius,Laco
5182,,Aemilius,Alba
5184,,Albius,Oppianicus
5185,,Albius,Oppianicus
5187,,Ancharius,Rufus
5206,,Caecilius,Statius
5215,,Catius,Aemilianus
5217,,Claudius,Marcellus
5220,,Clodius,Phormio
5240,,Fannius,Chaerea
5248,,Fulvius,Neratus
5253,,Gavius,Olelus ()
5261,,Iunius,Congus
5266,,Licinius,Archias
5269,,Lucillius,Balbus
5270,,Lutatius,Diodorus
5285,,Mucius,Cordus Scaevola
5286,,Munatius,Plancus
5289,,Naevius,Turpio
5290,,Numisius,Tiro
5294,,Peducaeus,Stloga
5298,,Plotius,Gallus
5299,,Pompeius,Basiliscus
5300,,Pompeius,Chlorus
5301,,Pompeius,Theodorus
5309,,Quinctius,Valgus
5312,,Roscius,Capito
5313,,Roscius,Magnus
5321,,Seius,Mustela
5329,,Sertius,Gallus
5332,,Servilius,Iacus
5337,,Terentius,Afer
5351,,Vennonius,Vindex
5354,,Vettius,Scato
5356,,Vettius,Scato
5357,,Vibellius,Taurea
5359,,Vitruvius,Vaccus
5364,,-,Calva
5365,,-,Crispus
5366,,-,Graeceius
5367,,-,Helonius
5368,,-,Lucusta
5369,,-,Macro
5370,,-,Spongia
5371,,-,Sura
5372,,-,Taurus
5373,,-,Vacerra
5374,,-,Veiento
5375,,-,Victor
5382,,Albius,Sabinus
5387,,Annius,Saturninus
5402,,Avianius,Flaccus
5403,,Avianius,Philoxenus
5415,,Caecilius,Metellus
5430,,Claudius,Pulcher
5431,,Clodius,Hermogenes
5432,,Clodius,Philhetaerus
5440,,Cornelius,Megas
5441,,Cornelius,Maximus
5442,,Cornelius,Nepos
5446,,Custidius,Cuspidius
5450,,Egnatius,Maximus
5451,,Egnatius,Sidicinus
5453,,Fabius,Luscus
5461,,Fulvius,Flaccus
5463,,Furius,Camillus
5464,,Gallius,Axianus
5466,,Genucilius,Curvus
5475,,Iuventius,Thalna
5476,,Iuventius,Thalna
5484,,Licinius,Aristoteles
5492,,Lucilius,Bassus
5493,,Lucretius,Carus
5494,,Maccius,Plautus
5495,,Maecius,Tarpa
5496,,Maenius,Gemellus
5497,,Magius,Cilo
5502,,Manlius,Sosis
5514,,Octavius,Naso
5521,,Paconius,Lepta
5523,,Papirius,Maso
5534,,Pompeius,Macula
5535,,Pompilius,Andronicus
5536,,Pompilius,Andronicus
5546,,Publilius,Syrus
5553,,Segulius,Labeo
5554,,Seius,Mustela
5562,,Servilius,Postumus
5563,,Servilius,Strabo
5564,,Servius,Pola
5565,,Sextilius,Rufus
5580,,Tettius,Damio
5581,,Tigellius,Hermogenes
5584,,Titurnius,Rufus
5586,,Tuccius,Galeo
5590,,Tullius,Marcianus
5598,,Valerius,Catullus
5600,,Valerius,Flaccus
5608,,Vibius,Pansa
5610,,Villius,Annalis
5614,,-,Trabea
5618,,Alliennius,Paelignus
5620,,Blossius,Cumanus
5624,,Claudius,Centumalus
5625,,Claudius,Quadrigarius
5626,,Coelius,Antipater
5628,,Cornelius,Culleolus
5629,,-,Cossus
5630,,Furius,Antias
5631,,Helvius,Mancia
5633,,Horatius,Cocles
5637,,Livius,Andronicus
5640,,Octavius,Reatinus
5642,,Papirius,Fregellanus
5645,,Pinarius,Natta
5646,,Pompeius,Phrygio
5649,,Porcius,Licinius
5650,,Porcius,Nasica
5652,,Postumius,Chius
5657,,Rubrius,Varro
5660,,Rusticelius,Bononiensis
5665,,Sempronius,Musca
5666,,Sempronius,Musca
5667,,Sergius,Orata
5669,,Sextilius,Rufus
5671,,Tarrutius,Firmanus
5672,,Terentius,Vespa
5673,,Tetrilius,Rogus
5676,,-,Vargula
5679,,Vettius,Vettianus
5681,,Gellius,Canus
5682,,Iuventius,Talna
5684,,-,Cossus
